Realdate;date;category;newColumn1;newColumn2;newColumn3;newColumn4;newColumn5;newColumn6;newColumn7;newColumn8;newColumn9;newColumn10;newColumn11;newColumn12;newColumn13;newColumn14;newColumn15;newColumn16;newColumn17;newColumn18;newColumn19;newColumn20;newColumn21;newColumn22;newColumn23;newColumn24;newColumn25;newColumn26;newColumn27;newColumn28;newColumn29;newColumn30;newColumn31;newColumn32;newColumn33;newColumn34
;02:00:00 - 02:59:59;AM01-A;0;0;0;0;0;0;0;0;0;0;0;0;0;0;0;0;0;0;0;0;0;0;0;0;0;0;0;0;0;0;0;0;0;0
;02:00:00 - 02:59:59;AM02-B;0;0;0;0;0;0;0;0;0;0;0;0;0;0;0;0;0;0;0;0;0;0;0;0;0;0;0;0;0;0;0;0;0;0
;02:00:00 - 02:59:59;AM03-C;0;0;0;0;0;0;0;0;0;0;0;0;0;0;0;0;0;0;0;0;0;0;0;0;0;0;0;0;0;0;0;0;0;0
;02:00:00 - 02:59:59;AM04-D;0;0;0;0;0;0;0;0;0;0;0;0;0;0;0;0;0;0;0;0;0;0;0;0;0;0;0;0;0;0;0;0;0;0
;02:00:00 - 02:59:59;AM05-E;0;0;0;0;0;0;0;0;0;0;0;0;0;0;0;0;0;0;0;0;0;0;0;0;0;0;0;0;0;0;0;0;0;0
;02:00:00 - 02:59:59;AM06-F;0;0;0;0;0;0;0;0;0;0;0;0;0;0;0;0;0;0;0;0;0;0;0;0;0;0;0;0;0;0;0;0;0;0
;02:00:00 - 02:59:59;AM07-G;0;0;0;0;0;0;0;0;0;0;0;0;0;0;0;0;0;0;0;0;0;0;0;0;0;0;0;0;0;0;0;0;0;0
;02:00:00 - 02:59:59;AM08-H;0;0;0;0;0;0;0;0;0;0;0;0;0;0;0;0;0;0;0;0;0;0;0;0;0;0;0;0;0;0;0;0;0;0
;02:00:00 - 02:59:59;AM09-I;0;0;0;0;0;0;0;0;0;0;0;0;0;0;0;0;0;0;0;0;0;0;0;0;0;0;0;0;0;0;0;0;0;0
;02:00:00 - 02:59:59;AM10-J;0;0;0;0;0;0;0;0;0;0;0;0;0;0;0;0;0;0;0;0;0;0;0;0;0;0;0;0;0;0;0;0;0;0
;02:00:00 - 02:59:59;AM11-K;0;0;0;0;0;0;0;0;0;0;0;0;0;0;0;0;0;0;0;0;0;0;0;0;0;0;0;0;0;0;0;0;0;0
;02:00:00 - 02:59:59;AM12-L;0;0;0;0;0;0;0;0;0;0;0;0;0;0;0;0;0;0;0;0;0;0;0;0;0;0;0;0;0;0;0;0;0;0
;02:00:00 - 02:59:59;AM13-M;0;0;0;0;0;0;0;0;0;0;0;0;0;0;0;0;0;0;0;0;0;0;0;0;0;0;0;0;0;0;0;0;0;0
;02:00:00 - 02:59:59;AM14-N;0;0;0;0;0;0;0;0;0;0;0;0;0;0;0;0;0;0;0;0;0;0;0;0;0;0;0;0;0;0;0;0;0;0
;02:00:00 - 02:59:59;AM15-O;0;0;0;0;0;0;0;0;0;0;0;0;0;0;0;0;0;0;0;0;0;0;0;0;0;0;0;0;0;0;0;0;0;0
;02:00:00 - 02:59:59;AM16-P;0;0;0;0;0;0;0;0;0;0;0;0;0;0;0;0;0;0;0;0;0;0;0;0;0;0;0;0;0;0;0;0;0;0
;02:00:00 - 02:59:59;A;0;0;0;0;0;0;0;0;0;0;0;0;0;0;0;0;0;0;0;0;0;0;0;0;0;0;0;0;0;0;0;0;0;0
;02:00:00 - 02:59:59;B;0;0;0;0;0;0;0;0;0;0;0;0;0;0;0;0;0;0;0;0;0;0;0;0;0;0;0;0;0;0;0;0;0;0
;02:00:00 - 02:59:59;C;0;0;0;0;0;0;0;0;0;0;0;0;0;0;0;0;0;0;0;0;0;0;0;0;0;0;0;0;0;0;0;0;0;0
;02:00:00 - 02:59:59;D;0;0;0;0;0;0;0;0;0;0;0;0;0;0;0;0;0;0;0;0;0;0;0;0;0;0;0;0;0;0;0;0;0;0
;02:00:00 - 02:59:59;E;0;0;0;0;0;0;0;0;0;0;0;0;0;0;0;0;0;0;0;0;0;0;0;0;0;0;0;0;0;0;0;0;0;0
;02:00:00 - 02:59:59;F;0;0;0;0;0;0;0;0;0;0;0;0;0;0;0;0;0;0;0;0;0;0;0;0;0;0;0;0;0;0;0;0;0;0
;02:00:00 - 02:59:59;G;0;0;0;0;0;0;0;0;0;0;0;0;0;0;0;0;0;0;0;0;0;0;0;0;0;0;0;0;0;0;0;0;0;0
;02:00:00 - 02:59:59;H;0;0;0;0;0;0;0;0;0;0;0;0;0;0;0;0;0;0;0;0;0;0;0;0;0;0;0;0;0;0;0;0;0;0
;02:00:00 - 02:59:59;I;0;0;0;0;0;0;0;0;0;0;0;0;0;0;0;0;0;0;0;0;0;0;0;0;0;0;0;0;0;0;0;0;0;0
;02:00:00 - 02:59:59;J;0;0;0;0;0;0;0;0;0;0;0;0;0;0;0;0;0;0;0;0;0;0;0;0;0;0;0;0;0;0;0;0;0;0
;02:00:00 - 02:59:59;K;0;0;0;0;0;0;0;0;0;0;0;0;0;0;0;0;0;0;0;0;0;0;0;0;0;0;0;0;0;0;0;0;0;0
;02:00:00 - 02:59:59;L;0;0;0;0;0;0;0;0;0;0;0;0;0;0;0;0;0;0;0;0;0;0;0;0;0;0;0;0;0;0;0;0;0;0
;02:00:00 - 02:59:59;M;0;0;0;0;0;0;0;0;0;0;0;0;0;0;0;0;0;0;0;0;0;0;0;0;0;0;0;0;0;0;0;0;0;0
;02:00:00 - 02:59:59;N;0;0;0;0;0;0;0;0;0;0;0;0;0;0;0;0;0;0;0;0;0;0;0;0;0;0;0;0;0;0;0;0;0;0
;02:00:00 - 02:59:59;O;0;0;0;0;0;0;0;0;0;0;0;0;0;0;0;0;0;0;0;0;0;0;0;0;0;0;0;0;0;0;0;0;0;0
;02:00:00 - 02:59:59;P;0;0;0;0;0;0;0;0;0;0;0;0;0;0;0;0;0;0;0;0;0;0;0;0;0;0;0;0;0;0;0;0;0;0
;02:00:00 - 02:59:59;Q;0;0;0;0;0;0;0;0;0;0;0;0;0;0;0;0;0;0;0;0;0;0;0;0;0;0;0;0;0;0;0;0;0;0
;02:00:00 - 02:59:59;U;0;0;0;0;0;0;0;0;0;0;0;0;0;0;0;0;0;0;0;0;0;0;0;0;0;0;0;0;0;0;0;0;0;0
 01/10/2019;03:00:00 - 03:59:59;AM01-A;0;0;0;0;0;0;0;0;0;0;0;0;0;0;0;0;0;0;0;0;0;0;0;0;0;0;0;0;0;0;0;0;0;0
 01/10/2019;03:00:00 - 03:59:59;AM02-B;0;0;0;0;0;0;0;0;0;0;0;0;0;0;0;0;0;0;0;0;0;0;0;0;0;0;0;0;0;0;0;0;0;0
 01/10/2019;03:00:00 - 03:59:59;AM03-C;0;0;0;0;0;0;0;0;0;0;0;0;0;0;0;0;0;0;0;0;0;0;0;0;0;0;0;0;0;0;0;0;0;0
 01/10/2019;03:00:00 - 03:59:59;AM04-D;0;0;0;0;0;0;0;0;0;0;0;0;0;0;0;0;0;0;0;0;0;0;0;0;0;0;0;0;0;0;0;0;0;0
 01/10/2019;03:00:00 - 03:59:59;AM05-E;0;0;0;0;0;0;0;0;0;0;0;0;0;0;0;0;0;0;0;0;0;0;0;0;0;0;0;0;0;0;0;0;0;0
 01/10/2019;03:00:00 - 03:59:59;AM06-F;0;0;0;0;0;0;0;0;0;0;0;0;0;0;0;0;0;0;0;0;0;0;0;0;0;0;0;0;0;0;0;0;0;0
 01/10/2019;03:00:00 - 03:59:59;AM07-G;0;0;0;0;0;0;0;0;0;0;0;0;0;0;0;0;0;0;0;0;0;0;0;0;0;0;0;0;0;0;0;0;0;0
 01/10/2019;03:00:00 - 03:59:59;AM08-H;0;0;0;0;0;0;0;0;0;0;0;0;0;0;0;0;0;0;0;0;0;0;0;0;0;0;0;0;0;0;0;0;0;0
 01/10/2019;03:00:00 - 03:59:59;AM09-I;0;0;0;0;0;0;0;0;0;0;0;0;0;0;0;0;0;0;0;0;0;0;0;0;0;0;0;0;0;0;0;0;0;0
 01/10/2019;03:00:00 - 03:59:59;AM10-J;0;0;0;0;0;0;0;0;0;0;0;0;0;0;0;0;0;0;0;0;0;0;0;0;0;0;0;0;0;0;0;0;0;0
 01/10/2019;03:00:00 - 03:59:59;AM11-K;0;0;0;0;0;0;0;0;0;0;0;0;0;0;0;0;0;0;0;0;0;0;0;0;0;0;0;0;0;0;0;0;0;0
 01/10/2019;03:00:00 - 03:59:59;AM12-L;0;0;0;0;0;0;0;0;0;0;0;0;0;0;0;0;0;0;0;0;0;0;0;0;0;0;0;0;0;0;0;0;0;0
 01/10/2019;03:00:00 - 03:59:59;AM13-M;0;0;0;0;0;0;0;0;0;0;0;0;0;0;0;0;0;0;0;0;0;0;0;0;0;0;0;0;0;0;0;0;0;0
 01/10/2019;03:00:00 - 03:59:59;AM14-N;0;0;0;0;0;0;0;0;0;0;0;0;0;0;0;0;0;0;0;0;0;0;0;0;0;0;0;0;0;0;0;0;0;0
 01/10/2019;03:00:00 - 03:59:59;AM15-O;0;0;0;0;0;0;0;0;0;0;0;0;0;0;0;0;0;0;0;0;0;0;0;0;0;0;0;0;0;0;0;0;0;0
 01/10/2019;03:00:00 - 03:59:59;AM16-P;0;0;0;0;0;0;0;0;0;0;0;0;0;0;0;0;0;0;0;0;0;0;0;0;0;0;0;0;0;0;0;0;0;0
 01/10/2019;03:00:00 - 03:59:59;A;0;0;0;0;0;0;0;0;0;0;0;0;0;0;0;0;0;0;0;0;0;0;0;0;0;0;0;0;0;0;0;0;0;0
 01/10/2019;03:00:00 - 03:59:59;B;0;0;0;0;0;0;0;0;0;0;0;0;0;0;0;0;0;0;0;0;0;0;0;0;0;0;0;0;0;0;0;0;0;0
 01/10/2019;03:00:00 - 03:59:59;C;0;0;0;0;0;0;0;0;0;0;0;0;0;0;0;0;0;0;0;0;0;0;0;0;0;0;0;0;0;0;0;0;0;0
 01/10/2019;03:00:00 - 03:59:59;D;0;0;0;0;0;0;0;0;0;0;0;0;0;0;0;0;0;0;0;0;0;0;0;0;0;0;0;0;0;0;0;0;0;0
 01/10/2019;03:00:00 - 03:59:59;E;0;0;0;0;0;0;0;0;0;0;0;0;0;0;0;0;0;0;0;0;0;0;0;0;0;0;0;0;0;0;0;0;0;0
 01/10/2019;03:00:00 - 03:59:59;F;0;0;0;0;0;0;0;0;0;0;0;0;0;0;0;0;0;0;0;0;0;0;0;0;0;0;0;0;0;0;0;0;0;0
 01/10/2019;03:00:00 - 03:59:59;G;0;0;0;0;0;0;0;0;0;0;0;0;0;0;0;0;0;0;0;0;0;0;0;0;0;0;0;0;0;0;0;0;0;0
 01/10/2019;03:00:00 - 03:59:59;H;0;0;0;0;0;0;0;0;0;0;0;0;0;0;0;0;0;0;0;0;0;0;0;0;0;0;0;0;0;0;0;0;0;0
 01/10/2019;03:00:00 - 03:59:59;I;0;0;0;0;0;0;0;0;0;0;0;0;0;0;0;0;0;0;0;0;0;0;0;0;0;0;0;0;0;0;0;0;0;0
 01/10/2019;03:00:00 - 03:59:59;J;0;0;0;0;0;0;0;0;0;0;0;0;0;0;0;0;0;0;0;0;0;0;0;0;0;0;0;0;0;0;0;0;0;0
 01/10/2019;03:00:00 - 03:59:59;K;0;0;0;0;0;0;0;0;0;0;0;0;0;0;0;0;0;0;0;0;0;0;0;0;0;0;0;0;0;0;0;0;0;0
 01/10/2019;03:00:00 - 03:59:59;L;0;0;0;0;0;0;0;0;0;0;0;0;0;0;0;0;0;0;0;0;0;0;0;0;0;0;0;0;0;0;0;0;0;0
 01/10/2019;03:00:00 - 03:59:59;M;0;0;0;0;0;0;0;0;0;0;0;0;0;0;0;0;0;0;0;0;0;0;0;0;0;0;0;0;0;0;0;0;0;0
 01/10/2019;03:00:00 - 03:59:59;N;0;0;0;0;0;0;0;0;0;0;0;0;0;0;0;0;0;0;0;0;0;0;0;0;0;0;0;0;0;0;0;0;0;0
 01/10/2019;03:00:00 - 03:59:59;O;0;0;0;0;0;0;0;0;0;0;0;0;0;0;0;0;0;0;0;0;0;0;0;0;0;0;0;0;0;0;0;0;0;0
 01/10/2019;03:00:00 - 03:59:59;P;0;0;0;0;0;0;0;0;0;0;0;0;0;0;0;0;0;0;0;0;0;0;0;0;0;0;0;0;0;0;0;0;0;0
 01/10/2019;03:00:00 - 03:59:59;Q;0;0;0;0;0;0;0;0;0;0;0;0;0;0;0;0;0;0;0;0;0;0;0;0;0;0;0;0;0;0;0;0;0;0
 01/10/2019;03:00:00 - 03:59:59;U;0;0;0;0;0;0;0;0;0;0;0;0;0;0;0;0;0;0;0;0;0;0;0;0;0;0;0;0;0;0;0;0;0;0
 01/10/2019;04:00:00 - 04:59:59;AM01-A;0;0;0;0;0;0;0;0;0;0;0;0;0;0;0;0;0;0;0;0;0;0;0;0;0;0;0;0;0;0;0;0;0;0
 01/10/2019;04:00:00 - 04:59:59;AM02-B;0;0;0;0;0;0;0;0;0;0;0;0;0;0;0;0;0;0;0;0;0;0;0;0;0;0;0;0;0;0;0;0;0;0
 01/10/2019;04:00:00 - 04:59:59;AM03-C;0;0;0;0;0;0;0;0;0;0;0;0;0;0;0;0;0;0;0;0;0;0;0;0;0;0;0;0;0;0;0;0;0;0
 01/10/2019;04:00:00 - 04:59:59;AM04-D;0;0;0;0;0;0;0;0;0;0;0;0;0;0;0;0;0;0;0;0;0;0;0;0;0;0;0;0;0;0;0;0;0;0
 01/10/2019;04:00:00 - 04:59:59;AM05-E;0;0;0;0;0;0;0;0;0;0;0;0;0;0;0;0;0;0;0;0;0;0;0;0;0;0;0;0;0;0;0;0;0;0
 01/10/2019;04:00:00 - 04:59:59;AM06-F;0;0;0;0;0;0;0;0;0;0;0;0;0;0;0;0;0;0;0;0;0;0;0;0;0;0;0;0;0;0;0;0;0;0
 01/10/2019;04:00:00 - 04:59:59;AM07-G;0;0;0;0;0;0;0;0;0;0;0;0;0;0;0;0;0;0;0;0;0;0;0;0;0;0;0;0;0;0;0;0;0;0
 01/10/2019;04:00:00 - 04:59:59;AM08-H;0;0;0;0;0;0;0;0;0;0;0;0;0;0;0;0;0;0;0;0;0;0;0;0;0;0;0;0;0;0;0;0;0;0
 01/10/2019;04:00:00 - 04:59:59;AM09-I;0;0;0;0;0;0;0;0;0;0;0;0;0;0;0;0;0;0;0;0;0;0;0;0;0;0;0;0;0;0;0;0;0;0
 01/10/2019;04:00:00 - 04:59:59;AM10-J;0;0;0;0;0;0;0;0;0;0;0;0;0;0;0;0;0;0;0;0;0;0;0;0;0;0;0;0;0;0;0;0;0;0
 01/10/2019;04:00:00 - 04:59:59;AM11-K;0;0;0;0;0;0;0;0;0;0;0;0;0;0;0;0;0;0;0;0;0;0;0;0;0;0;0;0;0;0;0;0;0;0
 01/10/2019;04:00:00 - 04:59:59;AM12-L;0;0;0;0;0;0;0;0;0;0;0;0;0;0;0;0;0;0;0;0;0;0;0;0;0;0;0;0;0;0;0;0;0;0
 01/10/2019;04:00:00 - 04:59:59;AM13-M;0;0;0;0;0;0;0;0;0;0;0;0;0;0;0;0;0;0;0;0;0;0;0;0;0;0;0;0;0;0;0;0;0;0
 01/10/2019;04:00:00 - 04:59:59;AM14-N;0;0;0;0;0;0;0;0;0;0;0;0;0;0;0;0;0;0;0;0;0;0;0;0;0;0;0;0;0;0;0;0;0;0
 01/10/2019;04:00:00 - 04:59:59;AM15-O;0;0;0;0;0;0;0;0;0;0;0;0;0;0;0;0;0;0;0;0;0;0;0;0;0;0;0;0;0;0;0;0;0;0
 01/10/2019;04:00:00 - 04:59:59;AM16-P;0;0;0;0;0;0;0;0;0;0;0;0;0;0;0;0;0;0;0;0;0;0;0;0;0;0;0;0;0;0;0;0;0;0
 01/10/2019;04:00:00 - 04:59:59;A;0;0;0;0;0;0;0;0;0;0;0;0;0;0;0;0;0;0;0;0;0;0;0;0;0;0;0;0;0;0;0;0;0;0
 01/10/2019;04:00:00 - 04:59:59;B;0;0;0;0;0;0;0;0;0;0;0;0;0;0;0;0;0;0;0;0;0;0;0;0;0;0;0;0;0;0;0;0;0;0
 01/10/2019;04:00:00 - 04:59:59;C;0;0;0;0;0;0;0;0;0;0;0;0;0;0;0;0;0;0;0;0;0;0;0;0;0;0;0;0;0;0;0;0;0;0
 01/10/2019;04:00:00 - 04:59:59;D;0;0;0;0;0;0;0;0;0;0;0;0;0;0;0;0;0;0;0;0;0;0;0;0;0;0;0;0;0;0;0;0;0;0
 01/10/2019;04:00:00 - 04:59:59;E;0;0;0;0;0;0;0;0;0;0;0;0;0;0;0;0;0;0;0;0;0;0;0;0;0;0;0;0;0;0;0;0;0;0
 01/10/2019;04:00:00 - 04:59:59;F;0;0;0;0;0;0;0;0;0;0;0;0;0;0;0;0;0;0;0;0;0;0;0;0;0;0;0;0;0;0;0;0;0;0
 01/10/2019;04:00:00 - 04:59:59;G;0;0;0;0;0;0;0;0;0;0;0;0;0;0;0;0;0;0;0;0;0;0;0;0;0;0;0;0;0;0;0;0;0;0
 01/10/2019;04:00:00 - 04:59:59;H;0;0;0;0;0;0;0;0;0;0;0;0;0;0;0;0;0;0;0;0;0;0;0;0;0;0;0;0;0;0;0;0;0;0
 01/10/2019;04:00:00 - 04:59:59;I;0;0;0;0;0;0;0;0;0;0;0;0;0;0;0;0;0;0;0;0;0;0;0;0;0;0;0;0;0;0;0;0;0;0
 01/10/2019;04:00:00 - 04:59:59;J;0;0;0;0;0;0;0;0;0;0;0;0;0;0;0;0;0;0;0;0;0;0;0;0;0;0;0;0;0;0;0;0;0;0
 01/10/2019;04:00:00 - 04:59:59;K;0;0;0;0;0;0;0;0;0;0;0;0;0;0;0;0;0;0;0;0;0;0;0;0;0;0;0;0;0;0;0;0;0;0
 01/10/2019;04:00:00 - 04:59:59;L;0;0;0;0;0;0;0;0;0;0;0;0;0;0;0;0;0;0;0;0;0;0;0;0;0;0;0;0;0;0;0;0;0;0
 01/10/2019;04:00:00 - 04:59:59;M;0;0;0;0;0;0;0;0;0;0;0;0;0;0;0;0;0;0;0;0;0;0;0;0;0;0;0;0;0;0;0;0;0;0
 01/10/2019;04:00:00 - 04:59:59;N;0;0;0;0;0;0;0;0;0;0;0;0;0;0;0;0;0;0;0;0;0;0;0;0;0;0;0;0;0;0;0;0;0;0
 01/10/2019;04:00:00 - 04:59:59;O;0;0;0;0;0;0;0;0;0;0;0;0;0;0;0;0;0;0;0;0;0;0;0;0;0;0;0;0;0;0;0;0;0;0
 01/10/2019;04:00:00 - 04:59:59;P;0;0;0;0;0;0;0;0;0;0;0;0;0;0;0;0;0;0;0;0;0;0;0;0;0;0;0;0;0;0;0;0;0;0
 01/10/2019;04:00:00 - 04:59:59;Q;0;0;0;0;0;0;0;0;0;0;0;0;0;0;0;0;0;0;0;0;0;0;0;0;0;0;0;0;0;0;0;0;0;0
 01/10/2019;04:00:00 - 04:59:59;U;0;0;0;0;0;0;0;0;0;0;0;0;0;0;0;0;0;0;0;0;0;0;0;0;0;0;0;0;0;0;0;0;0;0
 01/10/2019;05:00:00 - 05:59:59;AM01-A;0;0;0;0;0;0;0;1;0;0;0;0;0;0;0;0;0;0;0;0;0;0;0;0;0;0;0;0;0;0;0;0;0;0
 01/10/2019;05:00:00 - 05:59:59;AM02-B;0;0;0;0;0;0;0;0;0;1;0;2;0;0;0;0;0;0;0;0;0;0;0;0;0;0;0;0;0;0;0;0;0;0
 01/10/2019;05:00:00 - 05:59:59;AM03-C;0;0;0;0;0;0;1;0;0;0;0;0;0;0;0;0;0;0;0;0;0;0;0;0;0;0;0;0;0;0;0;0;0;0
 01/10/2019;05:00:00 - 05:59:59;AM04-D;0;0;0;0;0;0;0;0;0;0;1;0;0;0;0;0;0;0;0;0;0;0;0;0;0;0;0;0;0;0;0;0;0;0
 01/10/2019;05:00:00 - 05:59:59;AM05-E;0;0;0;0;0;0;0;0;0;0;0;1;0;0;0;0;0;0;0;0;0;0;0;0;0;0;0;0;0;0;0;0;0;0
 01/10/2019;05:00:00 - 05:59:59;AM06-F;0;0;0;0;0;0;0;2;1;0;0;0;0;0;0;0;0;0;0;0;0;0;0;0;0;0;0;0;0;0;0;0;0;0
 01/10/2019;05:00:00 - 05:59:59;AM07-G;0;0;0;0;0;0;0;0;1;0;0;0;0;0;0;0;0;0;0;0;0;0;0;0;0;0;0;0;0;0;0;0;0;0
 01/10/2019;05:00:00 - 05:59:59;AM08-H;0;0;0;0;0;0;0;0;0;0;2;1;0;0;0;0;0;0;0;0;0;0;0;0;0;0;0;0;0;0;0;0;0;0
 01/10/2019;05:00:00 - 05:59:59;AM09-I;0;0;0;0;0;0;0;0;0;0;0;0;0;0;0;0;0;0;0;0;0;0;0;0;0;0;0;0;0;0;0;0;0;0
 01/10/2019;05:00:00 - 05:59:59;AM10-J;0;0;0;0;0;0;0;0;0;0;1;0;0;0;0;0;0;0;0;0;0;0;0;0;0;0;0;0;0;0;0;0;0;0
 01/10/2019;05:00:00 - 05:59:59;AM11-K;0;0;0;0;0;0;0;0;0;0;0;0;0;0;0;0;0;0;0;0;0;0;0;0;0;0;0;0;0;0;0;0;0;0
 01/10/2019;05:00:00 - 05:59:59;AM12-L;0;0;0;0;0;0;0;0;0;0;0;0;0;0;0;0;0;0;0;0;0;0;0;0;0;0;0;0;0;0;0;0;0;0
 01/10/2019;05:00:00 - 05:59:59;AM13-M;0;0;0;0;0;0;0;0;0;0;0;0;0;0;0;0;0;0;0;0;0;0;0;0;0;0;0;0;0;0;0;0;0;0
 01/10/2019;05:00:00 - 05:59:59;AM14-N;0;0;0;0;0;0;0;0;0;0;0;0;0;0;0;0;0;0;0;0;0;0;0;0;0;0;0;0;0;0;0;0;0;0
 01/10/2019;05:00:00 - 05:59:59;AM15-O;0;0;0;0;0;0;0;0;0;0;0;0;0;0;0;0;0;0;0;0;0;0;0;0;0;0;0;0;0;0;0;0;0;0
 01/10/2019;05:00:00 - 05:59:59;AM16-P;0;0;0;0;0;0;0;0;0;0;0;0;0;0;0;0;0;0;0;0;0;0;0;0;0;0;0;0;0;0;0;0;0;0
 01/10/2019;05:00:00 - 05:59:59;A;0;0;0;0;0;0;0;0;0;0;0;0;0;0;0;0;0;0;0;0;0;0;0;0;0;0;0;0;0;0;0;0;0;0
 01/10/2019;05:00:00 - 05:59:59;B;0;0;0;0;0;0;0;0;0;0;0;0;0;0;0;0;0;0;0;0;0;0;0;0;0;0;0;0;0;0;0;0;0;0
 01/10/2019;05:00:00 - 05:59:59;C;0;0;0;0;0;0;0;0;0;0;0;0;0;0;0;0;0;0;0;0;0;0;0;0;0;0;0;0;0;0;0;0;0;0
 01/10/2019;05:00:00 - 05:59:59;D;0;0;0;0;0;0;0;0;0;0;0;0;0;0;0;0;0;0;0;0;0;0;0;0;0;0;0;0;0;0;0;0;0;0
 01/10/2019;05:00:00 - 05:59:59;E;0;0;0;0;0;0;0;0;0;0;0;0;0;0;0;0;0;0;0;0;0;0;0;0;0;0;0;0;0;0;0;0;0;0
 01/10/2019;05:00:00 - 05:59:59;F;0;0;0;0;0;0;0;0;0;0;0;0;0;0;0;0;0;0;0;0;0;0;0;0;0;0;0;0;0;0;0;0;0;0
 01/10/2019;05:00:00 - 05:59:59;G;0;0;0;0;0;0;0;0;0;0;0;0;0;0;0;0;0;0;0;0;0;0;0;0;0;0;0;0;0;0;0;0;0;0
 01/10/2019;05:00:00 - 05:59:59;H;0;0;0;0;0;0;0;0;0;0;0;0;0;0;0;0;0;0;0;0;0;0;0;0;0;0;0;0;0;0;0;0;0;0
 01/10/2019;05:00:00 - 05:59:59;I;0;0;0;0;0;0;0;0;0;0;0;0;0;0;0;0;0;0;0;0;0;0;0;0;0;0;0;0;0;0;0;0;0;0
 01/10/2019;05:00:00 - 05:59:59;J;0;0;0;0;0;0;0;0;0;0;0;0;0;0;0;0;0;0;0;0;0;0;0;0;0;0;0;0;0;0;0;0;0;0
 01/10/2019;05:00:00 - 05:59:59;K;0;0;0;0;0;0;0;0;0;0;0;0;0;0;0;0;0;0;0;0;0;0;0;0;0;0;0;0;0;0;0;0;0;0
 01/10/2019;05:00:00 - 05:59:59;L;0;0;0;0;0;0;0;0;0;0;0;0;0;0;0;0;0;0;0;0;0;0;0;0;0;0;0;0;0;0;0;0;0;0
 01/10/2019;05:00:00 - 05:59:59;M;0;0;0;0;0;0;0;0;0;0;0;0;0;0;0;0;0;0;0;0;0;0;0;0;0;0;0;0;0;0;0;0;0;0
 01/10/2019;05:00:00 - 05:59:59;N;0;0;0;0;0;0;0;0;0;0;0;0;0;0;0;0;0;0;0;0;0;0;0;0;0;0;0;0;0;0;0;0;0;0
 01/10/2019;05:00:00 - 05:59:59;O;0;0;0;0;0;0;0;0;0;0;0;0;0;0;0;0;0;0;0;0;0;0;0;0;0;0;0;0;0;0;0;0;0;0
 01/10/2019;05:00:00 - 05:59:59;P;0;0;0;0;0;0;0;0;0;0;0;0;0;0;0;0;0;0;0;0;0;0;0;0;0;0;0;0;0;0;0;0;0;0
 01/10/2019;05:00:00 - 05:59:59;Q;0;0;0;0;0;0;0;0;0;0;0;0;0;0;0;0;0;0;0;0;0;0;0;0;0;0;0;0;0;0;0;0;0;0
 01/10/2019;05:00:00 - 05:59:59;U;0;0;0;0;0;0;0;0;0;0;0;0;0;0;0;0;0;0;0;0;0;0;0;0;0;0;0;0;0;0;0;0;0;0
 01/10/2019;06:00:00 - 06:59:59;AM01-A;1;1;2;1;0;3;0;10;0;3;9;13;4;29;6;33;11;6;54;3;4;2;4;3;13;12;11;16;6;0;6;6;1;0
 01/10/2019;06:00:00 - 06:59:59;AM02-B;1;0;0;1;1;2;1;5;3;4;12;7;2;7;4;5;9;0;26;1;2;2;2;0;6;3;6;3;1;1;2;2;0;0
 01/10/2019;06:00:00 - 06:59:59;AM03-C;3;6;0;0;0;2;0;2;1;3;5;1;1;6;2;3;0;0;20;1;1;1;3;1;4;1;5;3;1;0;1;1;1;0
 01/10/2019;06:00:00 - 06:59:59;AM04-D;1;2;0;0;0;0;0;0;0;1;8;3;1;7;2;8;4;1;22;2;2;2;2;1;6;2;3;5;0;0;1;1;2;0
 01/10/2019;06:00:00 - 06:59:59;AM05-E;0;2;0;0;0;0;0;4;0;1;3;2;0;9;2;5;0;0;9;4;0;0;0;0;1;2;2;2;1;0;1;1;0;1
 01/10/2019;06:00:00 - 06:59:59;AM06-F;1;1;0;0;1;0;0;1;0;1;4;3;0;11;3;8;5;0;38;4;2;1;3;0;11;6;13;8;3;0;1;4;0;0
 01/10/2019;06:00:00 - 06:59:59;AM07-G;0;0;0;0;0;0;0;1;0;0;2;3;1;2;2;10;2;1;29;2;2;0;2;0;7;1;3;3;5;0;0;7;1;0
 01/10/2019;06:00:00 - 06:59:59;AM08-H;0;1;0;0;0;0;1;0;0;1;5;1;2;2;2;5;1;0;14;1;1;0;2;1;1;0;0;1;1;0;1;2;1;0
 01/10/2019;06:00:00 - 06:59:59;AM09-I;0;2;1;0;0;0;0;0;0;0;1;2;0;7;7;4;3;0;37;4;2;1;3;0;2;9;10;9;1;0;3;4;4;0
 01/10/2019;06:00:00 - 06:59:59;AM10-J;1;2;0;0;1;0;0;0;0;0;1;2;1;5;4;2;3;1;31;2;3;0;1;2;5;4;7;4;2;0;0;5;2;1
 01/10/2019;06:00:00 - 06:59:59;AM11-K;1;1;0;0;0;0;0;0;0;1;1;2;1;9;6;7;8;2;33;4;5;1;5;0;5;4;8;6;2;2;4;5;1;2
 01/10/2019;06:00:00 - 06:59:59;AM12-L;3;3;0;1;0;0;2;0;0;2;6;0;3;5;7;9;11;5;67;8;9;2;6;8;10;12;17;7;4;1;4;11;2;0
 01/10/2019;06:00:00 - 06:59:59;AM13-M;0;0;0;0;0;0;0;2;1;1;7;3;0;1;8;6;4;1;66;3;4;3;5;2;5;6;13;8;1;5;3;7;5;0
 01/10/2019;06:00:00 - 06:59:59;AM14-N;1;1;0;1;0;0;0;0;0;1;2;5;3;0;2;1;7;2;44;3;2;1;2;2;2;2;4;7;2;0;3;4;2;0
 01/10/2019;06:00:00 - 06:59:59;AM15-O;3;2;0;0;0;0;0;3;1;2;7;4;0;6;0;4;2;0;63;8;3;0;5;1;4;7;7;9;3;2;1;4;1;0
 01/10/2019;06:00:00 - 06:59:59;AM16-P;0;2;0;1;0;0;0;7;1;4;2;4;3;3;1;0;3;8;173;18;19;8;15;9;23;24;40;45;14;6;16;27;9;6
 01/10/2019;06:00:00 - 06:59:59;A;0;2;0;0;0;0;0;0;0;0;0;4;0;0;0;0;0;1;13;1;0;0;2;1;2;0;2;0;0;0;0;1;0;1
 01/10/2019;06:00:00 - 06:59:59;B;0;0;0;0;0;0;0;0;1;0;0;1;0;1;0;1;0;0;0;0;0;0;0;0;0;1;0;0;0;1;0;0;0;0
 01/10/2019;06:00:00 - 06:59:59;C;1;3;1;1;0;2;0;3;1;1;2;4;1;7;4;17;2;0;0;1;1;0;4;2;7;2;8;3;0;2;0;2;0;0
 01/10/2019;06:00:00 - 06:59:59;D;0;0;0;0;0;0;0;0;0;0;0;1;1;0;1;4;0;1;1;0;0;1;1;0;1;1;1;0;1;1;1;0;0;0
 01/10/2019;06:00:00 - 06:59:59;E;1;2;0;0;0;0;0;1;0;0;1;6;1;1;1;10;0;0;5;1;0;0;1;1;2;2;3;4;2;0;0;8;1;1
 01/10/2019;06:00:00 - 06:59:59;F;0;1;0;0;0;0;0;0;0;0;0;0;0;0;0;9;0;0;1;1;0;0;0;0;0;2;3;1;2;0;0;0;0;0
 01/10/2019;06:00:00 - 06:59:59;G;0;1;1;0;0;0;0;1;0;0;0;0;0;1;0;2;0;0;2;1;0;0;0;0;1;3;1;5;1;0;0;2;3;0
 01/10/2019;06:00:00 - 06:59:59;H;0;0;0;0;1;0;0;2;0;0;1;0;1;0;1;0;2;0;0;1;0;0;2;0;0;2;7;5;0;1;3;5;0;1
 01/10/2019;06:00:00 - 06:59:59;I;0;0;0;1;0;0;0;0;0;1;1;1;0;1;0;0;0;0;0;0;0;0;0;0;0;0;3;2;1;0;0;1;1;0
 01/10/2019;06:00:00 - 06:59:59;J;0;0;0;0;0;0;1;0;0;0;0;2;0;0;0;1;0;0;2;0;0;0;1;0;0;0;1;7;2;0;8;3;1;0
 01/10/2019;06:00:00 - 06:59:59;K;0;0;0;0;0;0;0;2;1;0;1;2;0;0;0;6;1;0;3;1;0;0;2;0;2;3;0;2;3;1;0;6;0;1
 01/10/2019;06:00:00 - 06:59:59;L;0;0;0;0;0;0;0;0;0;0;3;1;1;1;0;0;0;0;0;1;0;0;1;0;2;3;1;0;0;0;4;2;0;0
 01/10/2019;06:00:00 - 06:59:59;M;0;0;0;0;0;0;0;0;0;0;0;0;0;1;0;1;1;0;0;0;1;0;0;0;0;1;3;3;0;0;0;1;0;0
 01/10/2019;06:00:00 - 06:59:59;N;0;0;0;0;0;0;0;0;0;0;0;0;0;0;0;0;0;0;1;0;0;0;0;0;0;1;0;3;0;0;1;1;0;0
 01/10/2019;06:00:00 - 06:59:59;O;0;0;0;0;0;0;0;0;0;0;0;0;0;0;0;0;0;0;0;0;0;0;0;0;0;0;0;0;0;0;0;1;1;1
 01/10/2019;06:00:00 - 06:59:59;P;0;0;0;0;0;0;0;0;0;0;0;0;0;0;0;0;0;0;0;0;0;0;1;0;1;1;1;1;1;0;1;0;0;2
 01/10/2019;06:00:00 - 06:59:59;Q;0;0;0;0;0;0;0;0;0;0;0;0;0;1;0;0;0;0;0;0;0;0;0;0;0;0;1;0;0;0;0;2;0;1
 01/10/2019;06:00:00 - 06:59:59;U;0;0;0;0;0;0;0;0;0;0;0;0;1;0;0;0;0;0;1;0;0;0;0;0;1;0;0;2;1;2;1;1;3;0
 01/10/2019;07:00:00 - 07:59:59;AM01-A;0;5;0;1;1;4;2;20;8;14;40;41;12;105;30;93;24;5;190;26;24;13;27;8;45;38;61;43;23;5;21;26;15;11
 01/10/2019;07:00:00 - 07:59:59;AM02-B;1;2;3;5;6;3;3;26;7;10;33;30;3;40;13;21;8;2;61;10;5;5;13;3;9;13;15;16;7;2;7;9;8;2
 01/10/2019;07:00:00 - 07:59:59;AM03-C;0;1;1;0;2;0;0;4;4;4;9;5;3;13;2;24;5;1;37;5;2;1;4;1;6;8;11;9;4;0;2;5;3;0
 01/10/2019;07:00:00 - 07:59:59;AM04-D;3;3;0;1;2;3;0;2;0;6;13;11;0;23;10;24;9;3;66;8;5;5;5;3;12;17;11;10;6;2;12;11;6;1
 01/10/2019;07:00:00 - 07:59:59;AM05-E;2;4;2;0;0;1;1;6;3;2;10;6;2;14;4;15;4;0;33;2;1;2;6;1;4;6;8;6;4;2;2;3;1;0
 01/10/2019;07:00:00 - 07:59:59;AM06-F;1;5;1;3;0;2;0;3;1;3;17;15;2;32;7;26;17;2;129;3;1;3;12;4;20;23;17;25;8;7;11;14;10;2
 01/10/2019;07:00:00 - 07:59:59;AM07-G;1;4;1;1;0;2;0;7;0;5;16;9;3;22;7;27;9;5;106;12;5;4;9;3;12;18;20;12;4;1;6;17;6;2
 01/10/2019;07:00:00 - 07:59:59;AM08-H;2;3;0;1;0;0;0;1;1;9;19;10;5;15;7;25;3;2;52;3;6;2;5;0;8;5;9;8;5;0;4;10;1;0
 01/10/2019;07:00:00 - 07:59:59;AM09-I;1;6;2;1;2;1;1;0;1;2;13;10;0;17;11;41;12;5;122;7;7;4;12;7;27;30;21;35;15;2;18;22;10;3
 01/10/2019;07:00:00 - 07:59:59;AM10-J;4;5;0;0;1;2;3;3;1;0;5;17;3;16;8;26;8;6;104;12;3;1;12;4;18;16;21;14;11;2;3;20;4;1
 01/10/2019;07:00:00 - 07:59:59;AM11-K;1;2;0;0;4;2;1;3;3;1;0;8;3;32;8;50;9;7;140;9;3;7;12;6;20;15;24;30;9;5;21;27;6;5
 01/10/2019;07:00:00 - 07:59:59;AM12-L;4;3;1;1;2;0;2;4;5;5;10;0;0;31;33;52;14;4;207;20;17;9;17;5;39;25;39;35;13;6;26;30;21;10
 01/10/2019;07:00:00 - 07:59:59;AM13-M;3;1;2;1;0;0;4;7;4;6;9;4;0;18;15;38;9;1;145;9;10;2;15;6;19;13;31;38;6;1;20;41;12;5
 01/10/2019;07:00:00 - 07:59:59;AM14-N;3;2;2;1;1;3;0;5;5;2;5;6;2;1;3;19;17;5;161;8;7;4;11;7;20;15;28;27;8;4;13;18;10;4
 01/10/2019;07:00:00 - 07:59:59;AM15-O;5;9;1;1;2;3;1;4;6;11;13;27;5;10;3;6;6;7;193;16;8;3;11;7;14;17;23;32;8;4;15;29;11;4
 01/10/2019;07:00:00 - 07:59:59;AM16-P;9;6;4;1;0;1;0;5;13;10;13;28;4;6;2;2;3;6;398;38;34;22;42;24;59;71;94;96;39;11;74;87;57;9
 01/10/2019;07:00:00 - 07:59:59;A;0;1;0;0;0;0;0;1;1;0;0;2;4;0;1;0;1;1;11;1;2;0;0;2;5;3;8;7;0;0;1;4;1;0
 01/10/2019;07:00:00 - 07:59:59;B;0;0;1;0;0;0;0;1;1;0;0;2;0;0;0;2;0;0;0;0;1;1;0;0;1;0;4;0;2;0;0;0;0;0
 01/10/2019;07:00:00 - 07:59:59;C;1;2;3;2;0;2;1;7;2;5;7;19;4;16;20;43;9;0;1;0;0;0;9;1;14;9;9;3;5;1;3;1;3;0
 01/10/2019;07:00:00 - 07:59:59;D;1;4;1;0;0;1;0;1;0;1;0;2;1;1;4;20;1;1;2;1;0;1;7;1;5;6;11;7;4;0;5;4;4;1
 01/10/2019;07:00:00 - 07:59:59;E;2;5;1;1;0;1;2;5;0;2;3;13;0;5;4;60;2;1;16;1;0;0;2;3;11;8;8;16;5;0;5;6;5;5
 01/10/2019;07:00:00 - 07:59:59;F;0;2;0;0;0;0;0;4;0;1;0;1;1;3;0;9;1;0;3;0;0;0;0;1;2;3;3;9;4;1;3;3;2;0
 01/10/2019;07:00:00 - 07:59:59;G;0;1;0;0;0;0;0;1;0;0;1;5;2;4;2;10;0;0;2;2;1;1;0;1;2;10;7;11;5;1;1;11;1;1
 01/10/2019;07:00:00 - 07:59:59;H;1;2;0;0;0;1;0;2;1;1;2;7;2;2;2;17;0;0;7;5;0;4;1;0;4;4;17;22;7;3;8;11;4;1
 01/10/2019;07:00:00 - 07:59:59;I;0;2;0;0;0;0;0;0;0;0;2;3;0;0;1;1;1;1;3;2;1;1;1;0;1;1;4;9;3;0;2;3;6;1
 01/10/2019;07:00:00 - 07:59:59;J;1;1;0;0;0;0;0;1;0;0;0;3;0;0;0;5;1;0;4;1;0;0;0;0;1;2;8;13;2;1;2;8;0;0
 01/10/2019;07:00:00 - 07:59:59;K;2;0;0;0;0;0;0;2;2;1;1;6;4;8;6;14;1;1;8;5;0;0;5;3;5;10;0;8;4;2;9;10;3;1
 01/10/2019;07:00:00 - 07:59:59;L;0;3;0;1;1;0;0;1;1;0;6;2;0;4;0;1;1;0;0;0;1;0;0;4;14;18;9;0;3;0;5;4;3;2
 01/10/2019;07:00:00 - 07:59:59;M;0;0;0;0;1;0;1;0;0;0;1;4;0;3;0;4;2;0;1;0;1;0;2;1;0;8;0;4;0;0;1;1;2;2
 01/10/2019;07:00:00 - 07:59:59;N;1;0;0;0;0;0;0;0;0;0;0;1;0;0;0;2;0;0;0;0;1;0;0;0;0;4;0;4;0;0;1;4;0;0
 01/10/2019;07:00:00 - 07:59:59;O;2;0;0;0;0;0;0;1;0;2;1;0;0;3;0;1;0;0;2;1;1;0;1;0;0;3;1;4;0;0;0;3;0;0
 01/10/2019;07:00:00 - 07:59:59;P;0;0;0;0;1;1;0;0;1;0;3;1;0;0;1;2;0;0;1;0;1;1;1;0;3;7;3;6;4;2;5;0;4;1
 01/10/2019;07:00:00 - 07:59:59;Q;0;0;0;0;0;0;0;0;0;1;0;1;0;1;0;2;0;0;0;1;1;0;1;0;1;2;0;4;1;0;5;3;0;0
 01/10/2019;07:00:00 - 07:59:59;U;0;0;0;0;0;1;0;1;0;0;1;1;0;1;1;2;2;0;4;0;1;0;2;0;2;2;2;11;3;3;4;5;3;0
 01/10/2019;08:00:00 - 08:59:59;AM01-A;3;2;2;5;0;6;4;25;17;11;33;47;18;71;47;84;7;12;240;34;24;17;52;27;77;68;72;109;36;5;25;50;21;6
 01/10/2019;08:00:00 - 08:59:59;AM02-B;0;0;2;5;1;3;8;34;11;13;37;34;11;42;5;38;6;2;91;14;13;10;21;14;24;14;26;31;9;1;5;14;4;2
 01/10/2019;08:00:00 - 08:59:59;AM03-C;0;3;0;0;0;3;0;6;3;2;7;7;3;10;8;13;1;0;36;3;3;3;10;2;15;18;12;11;5;2;7;17;6;0
 01/10/2019;08:00:00 - 08:59:59;AM04-D;1;3;0;0;0;1;1;3;7;6;19;18;6;17;13;18;5;4;76;14;7;2;9;5;13;16;19;18;7;1;11;14;6;1
 01/10/2019;08:00:00 - 08:59:59;AM05-E;0;10;1;0;0;2;0;2;1;5;13;12;1;12;5;11;1;1;46;7;6;5;7;4;14;7;8;12;3;0;9;8;1;2
 01/10/2019;08:00:00 - 08:59:59;AM06-F;0;6;1;0;0;0;0;4;4;5;12;11;1;20;12;30;6;1;101;20;9;8;22;3;40;24;27;35;10;1;12;26;17;1
 01/10/2019;08:00:00 - 08:59:59;AM07-G;1;2;0;0;1;0;1;2;0;2;17;18;2;21;13;23;3;3;87;15;3;6;12;5;17;15;18;17;7;1;12;21;9;1
 01/10/2019;08:00:00 - 08:59:59;AM08-H;2;9;3;1;1;1;0;0;1;0;16;15;2;7;13;16;1;3;43;8;10;1;11;6;11;8;11;15;7;1;3;14;5;0
 01/10/2019;08:00:00 - 08:59:59;AM09-I;1;2;0;1;1;0;1;1;0;1;7;17;1;20;14;37;2;2;151;12;15;2;26;9;32;44;32;52;25;3;20;39;5;3
 01/10/2019;08:00:00 - 08:59:59;AM10-J;0;5;1;1;0;1;2;3;2;2;6;19;1;18;19;27;5;4;113;9;5;5;15;10;27;22;21;27;3;1;27;15;16;2
 01/10/2019;08:00:00 - 08:59:59;AM11-K;3;5;0;2;0;0;1;7;2;2;0;2;5;18;15;42;5;4;158;17;14;7;15;13;29;30;47;40;8;3;18;34;9;1
 01/10/2019;08:00:00 - 08:59:59;AM12-L;2;10;0;2;0;2;4;7;6;4;18;0;0;28;28;35;7;12;183;20;21;7;32;17;50;62;47;74;22;1;24;42;19;4
 01/10/2019;08:00:00 - 08:59:59;AM13-M;2;2;0;3;0;1;2;6;6;4;19;5;3;18;11;30;6;6;185;19;7;7;29;6;34;31;35;48;13;1;30;40;17;5
 01/10/2019;08:00:00 - 08:59:59;AM14-N;4;6;1;3;2;1;4;4;8;5;13;6;3;1;5;12;3;5;142;23;17;4;30;13;40;40;44;42;14;2;24;25;14;1
 01/10/2019;08:00:00 - 08:59:59;AM15-O;3;6;4;2;3;1;1;8;6;7;20;33;18;6;0;3;1;4;162;17;15;5;27;9;49;32;37;52;26;5;24;38;16;0
 01/10/2019;08:00:00 - 08:59:59;AM16-P;7;10;1;2;2;1;1;12;10;9;14;18;20;5;0;3;3;17;336;64;55;22;81;24;88;112;109;142;61;14;77;129;70;14
 01/10/2019;08:00:00 - 08:59:59;A;1;2;0;0;0;0;0;0;1;0;0;1;5;5;2;4;1;0;7;3;3;1;3;1;2;6;9;7;3;1;0;2;3;0
 01/10/2019;08:00:00 - 08:59:59;B;1;1;0;1;0;0;0;1;2;0;2;4;1;0;0;10;0;0;1;1;2;2;3;0;2;3;2;3;0;0;0;0;0;1
 01/10/2019;08:00:00 - 08:59:59;C;5;8;1;3;3;1;4;13;8;6;12;19;5;16;15;69;3;2;0;1;5;2;8;3;10;7;9;2;4;0;3;1;0;0
 01/10/2019;08:00:00 - 08:59:59;D;0;2;0;0;0;0;0;3;0;0;0;3;3;2;8;17;0;1;3;0;2;2;4;1;3;11;11;5;0;0;0;3;3;1
 01/10/2019;08:00:00 - 08:59:59;E;1;5;0;0;1;0;1;5;3;3;6;18;6;2;7;24;4;1;18;8;0;0;2;1;6;6;11;26;6;0;10;12;4;5
 01/10/2019;08:00:00 - 08:59:59;F;0;3;0;0;0;0;0;0;1;2;1;3;1;4;1;7;3;0;4;3;0;1;0;0;0;0;6;5;4;0;3;4;1;0
 01/10/2019;08:00:00 - 08:59:59;G;1;1;0;0;0;2;0;3;2;1;2;5;1;5;1;12;0;0;7;6;0;1;0;2;8;7;9;20;5;1;4;9;2;2
 01/10/2019;08:00:00 - 08:59:59;H;1;1;0;1;0;1;0;4;0;3;2;8;2;9;4;10;1;1;8;4;2;2;2;0;1;8;13;29;8;1;6;9;7;2
 01/10/2019;08:00:00 - 08:59:59;I;1;3;0;0;1;1;0;2;1;1;0;1;1;0;2;11;0;0;5;2;1;2;3;2;1;0;13;17;3;0;1;8;1;1
 01/10/2019;08:00:00 - 08:59:59;J;0;1;0;0;0;0;1;1;1;3;2;0;0;4;1;3;0;1;3;1;0;0;2;1;1;1;10;20;6;1;9;14;2;2
 01/10/2019;08:00:00 - 08:59:59;K;1;3;0;1;0;1;1;7;4;4;8;10;3;8;7;28;1;2;4;4;3;3;7;5;10;14;1;16;5;0;9;17;6;1
 01/10/2019;08:00:00 - 08:59:59;L;0;2;0;0;0;0;1;1;1;6;4;7;1;5;2;6;0;0;1;0;2;2;9;4;18;14;8;0;6;3;7;1;4;0
 01/10/2019;08:00:00 - 08:59:59;M;0;1;0;1;0;1;1;0;0;1;0;0;1;6;1;8;1;1;2;2;0;0;1;1;2;4;5;8;0;1;2;5;3;3
 01/10/2019;08:00:00 - 08:59:59;N;0;2;0;0;0;0;0;2;0;0;0;0;1;3;2;1;0;0;2;1;0;0;0;0;2;1;1;4;0;0;0;4;3;1
 01/10/2019;08:00:00 - 08:59:59;O;0;0;0;0;0;0;0;1;1;1;1;1;0;1;0;0;0;0;0;0;0;0;2;0;2;3;1;4;2;0;0;2;4;1
 01/10/2019;08:00:00 - 08:59:59;P;0;0;0;0;0;0;0;0;2;0;0;5;2;0;1;2;0;1;0;0;0;1;0;2;5;7;2;2;3;0;7;0;5;3
 01/10/2019;08:00:00 - 08:59:59;Q;0;0;0;0;0;0;0;0;0;0;0;3;0;0;0;6;0;0;0;0;2;0;1;0;2;2;2;4;2;0;2;1;0;0
 01/10/2019;08:00:00 - 08:59:59;U;0;1;0;0;0;1;0;1;0;0;3;0;3;0;0;3;0;0;1;0;0;1;2;3;7;2;4;8;3;1;1;4;4;0
 01/10/2019;09:00:00 - 09:59:59;AM01-A;0;0;0;1;2;2;2;9;5;2;8;7;2;23;8;39;7;10;131;24;8;7;22;19;39;48;59;62;21;5;14;24;17;6
 01/10/2019;09:00:00 - 09:59:59;AM02-B;0;1;2;2;0;1;1;10;8;4;18;11;3;13;7;11;4;3;39;11;8;2;13;9;10;13;20;29;7;1;8;8;4;3
 01/10/2019;09:00:00 - 09:59:59;AM03-C;1;3;0;1;0;0;0;1;0;0;1;2;0;5;1;5;0;1;34;4;6;2;2;3;7;11;9;12;3;1;7;7;3;1
 01/10/2019;09:00:00 - 09:59:59;AM04-D;2;5;0;2;0;0;0;1;0;1;1;3;1;4;0;11;0;3;34;7;0;2;9;8;11;12;12;17;3;0;3;10;5;1
 01/10/2019;09:00:00 - 09:59:59;AM05-E;0;5;0;0;0;0;0;4;3;0;3;2;0;1;2;6;0;3;31;2;1;2;1;2;5;11;4;12;0;0;0;7;1;0
 01/10/2019;09:00:00 - 09:59:59;AM06-F;0;6;0;0;0;0;0;0;2;1;4;1;0;3;5;13;3;1;56;8;1;3;5;7;28;14;17;31;8;7;11;12;8;2
 01/10/2019;09:00:00 - 09:59:59;AM07-G;2;2;1;0;0;1;0;3;2;1;5;5;0;4;2;8;0;1;49;7;4;1;6;7;9;15;17;19;8;0;9;6;12;0
 01/10/2019;09:00:00 - 09:59:59;AM08-H;0;9;0;0;0;0;0;0;1;3;2;3;1;3;3;7;0;1;26;2;2;2;3;4;8;7;7;7;3;0;1;7;3;1
 01/10/2019;09:00:00 - 09:59:59;AM09-I;1;7;0;0;0;2;0;0;1;0;1;3;0;4;6;7;3;5;86;13;6;1;13;10;13;27;27;60;8;2;7;16;15;1
 01/10/2019;09:00:00 - 09:59:59;AM10-J;2;5;0;1;0;2;4;0;4;1;5;2;2;5;4;11;1;2;61;12;9;1;9;6;13;18;18;35;10;2;6;15;14;0
 01/10/2019;09:00:00 - 09:59:59;AM11-K;1;13;0;2;0;0;3;2;2;2;2;5;1;2;3;16;5;2;89;12;7;4;10;11;18;26;21;30;11;1;12;14;13;0
 01/10/2019;09:00:00 - 09:59:59;AM12-L;2;9;1;4;1;2;0;7;7;3;4;1;1;3;9;20;6;6;113;13;13;5;5;10;25;28;44;34;11;0;18;22;20;3
 01/10/2019;09:00:00 - 09:59:59;AM13-M;1;2;0;0;0;0;0;3;0;0;3;2;0;7;3;12;2;4;87;17;8;4;16;4;23;19;30;32;15;2;13;18;12;3
 01/10/2019;09:00:00 - 09:59:59;AM14-N;1;15;0;1;1;1;1;1;3;3;2;0;2;0;1;2;0;6;81;16;9;1;17;12;22;30;15;27;11;0;12;12;9;2
 01/10/2019;09:00:00 - 09:59:59;AM15-O;3;8;0;2;1;1;0;4;4;4;0;6;5;6;1;2;0;3;100;15;5;2;5;4;23;30;33;45;13;0;7;28;19;1
 01/10/2019;09:00:00 - 09:59:59;AM16-P;1;13;1;2;0;2;0;1;7;2;5;4;2;0;1;0;1;15;232;50;21;9;34;33;64;86;91;121;37;4;48;46;34;5
 01/10/2019;09:00:00 - 09:59:59;A;2;2;0;2;0;0;0;0;0;0;1;3;0;1;0;0;0;2;6;5;0;0;0;1;1;2;4;4;0;0;0;2;1;1
 01/10/2019;09:00:00 - 09:59:59;B;0;1;0;0;0;1;0;0;2;0;1;4;0;1;0;2;1;0;1;0;0;0;0;0;1;1;1;0;0;1;1;1;1;0
 01/10/2019;09:00:00 - 09:59:59;C;1;4;1;0;2;1;0;9;7;4;6;18;5;6;16;36;3;0;2;2;1;1;5;3;6;4;9;2;1;0;0;1;3;0
 01/10/2019;09:00:00 - 09:59:59;D;0;2;0;0;0;0;0;0;2;1;0;2;2;3;2;11;0;1;2;0;0;0;3;2;3;6;6;3;3;0;2;1;0;0
 01/10/2019;09:00:00 - 09:59:59;E;2;5;0;3;1;0;1;2;4;1;1;2;1;3;1;13;2;1;8;2;0;0;2;0;1;1;6;15;1;0;1;3;2;0
 01/10/2019;09:00:00 - 09:59:59;F;0;1;0;0;0;0;0;0;0;0;2;1;1;3;0;4;0;0;2;0;0;0;0;1;2;2;7;8;0;0;3;4;0;0
 01/10/2019;09:00:00 - 09:59:59;G;2;0;0;0;0;2;1;0;2;1;6;0;0;2;3;9;0;1;2;1;0;0;0;1;1;7;10;15;2;2;7;7;4;0
 01/10/2019;09:00:00 - 09:59:59;H;0;6;0;0;0;1;1;0;2;2;5;3;2;3;1;6;0;4;10;7;0;0;3;1;4;2;14;10;3;0;5;4;2;2
 01/10/2019;09:00:00 - 09:59:59;I;0;1;1;1;0;1;0;0;1;0;5;1;2;0;2;7;0;0;1;3;0;0;1;0;1;3;8;4;2;0;1;5;0;0
 01/10/2019;09:00:00 - 09:59:59;J;1;4;1;0;0;1;0;3;0;2;2;1;3;1;0;7;0;0;3;4;1;0;1;0;1;1;5;9;1;0;4;6;1;1
 01/10/2019;09:00:00 - 09:59:59;K;6;5;0;1;1;1;1;3;3;2;4;2;2;11;2;15;0;0;1;2;2;0;4;2;2;8;0;16;6;0;4;5;2;2
 01/10/2019;09:00:00 - 09:59:59;L;1;1;0;2;1;2;1;4;1;4;2;4;6;3;3;9;0;0;0;1;1;1;5;3;7;11;2;0;1;0;2;2;1;0
 01/10/2019;09:00:00 - 09:59:59;M;1;2;0;3;0;1;0;0;2;0;0;1;0;1;0;3;0;0;2;0;0;0;1;2;0;1;1;3;0;1;1;2;1;1
 01/10/2019;09:00:00 - 09:59:59;N;0;0;0;0;1;0;0;0;1;0;0;0;1;1;0;3;1;0;0;0;1;0;0;0;0;0;3;1;2;0;0;2;2;1
 01/10/2019;09:00:00 - 09:59:59;O;0;1;0;0;0;0;0;0;1;0;0;0;0;0;0;2;0;0;0;0;0;0;0;0;1;1;3;2;1;0;1;3;0;1
 01/10/2019;09:00:00 - 09:59:59;P;0;1;0;0;0;0;0;1;0;0;1;2;1;0;0;5;0;0;0;0;1;0;2;1;2;2;2;3;3;0;3;0;3;0
 01/10/2019;09:00:00 - 09:59:59;Q;0;0;0;0;1;0;0;2;2;0;0;2;0;0;0;3;0;0;0;2;0;0;1;1;0;0;1;0;1;0;1;2;0;2
 01/10/2019;09:00:00 - 09:59:59;U;0;0;0;0;0;0;0;0;0;0;0;0;0;1;2;3;0;0;1;2;0;1;0;0;1;5;3;4;2;0;4;3;3;0
 01/10/2019;10:00:00 - 10:59:59;AM01-A;2;21;1;1;0;0;0;3;3;0;10;6;2;15;3;11;1;5;46;12;5;0;7;4;7;9;18;20;3;1;5;13;10;3
 01/10/2019;10:00:00 - 10:59:59;AM02-B;0;0;1;0;3;2;0;5;1;2;9;7;1;4;2;7;1;3;42;6;4;1;2;3;3;8;16;10;1;0;3;7;6;6
 01/10/2019;10:00:00 - 10:59:59;AM03-C;0;9;0;0;0;0;0;3;0;0;0;2;0;0;2;1;0;0;8;0;2;1;2;0;2;3;3;2;0;0;0;3;2;0
 01/10/2019;10:00:00 - 10:59:59;AM04-D;0;7;0;1;0;1;0;3;0;0;3;0;0;1;0;5;0;2;11;5;1;1;1;1;5;1;6;2;0;1;1;7;2;0
 01/10/2019;10:00:00 - 10:59:59;AM05-E;0;5;0;0;0;1;0;0;2;1;0;0;1;0;1;2;0;1;7;2;2;0;0;0;0;3;6;4;1;0;1;2;1;1
 01/10/2019;10:00:00 - 10:59:59;AM06-F;0;4;0;0;0;0;0;0;1;0;0;2;2;0;1;3;1;1;31;1;2;1;2;3;2;2;9;4;2;1;4;4;7;1
 01/10/2019;10:00:00 - 10:59:59;AM07-G;0;1;0;0;2;0;0;2;1;2;2;0;0;3;1;3;1;1;28;5;2;1;0;3;1;2;6;6;0;1;1;6;1;1
 01/10/2019;10:00:00 - 10:59:59;AM08-H;2;5;0;1;2;0;0;0;2;1;3;0;1;1;0;3;0;2;13;5;2;0;2;1;6;1;3;5;0;0;1;6;1;0
 01/10/2019;10:00:00 - 10:59:59;AM09-I;1;4;0;0;0;1;1;1;0;0;2;0;1;2;2;9;0;0;26;4;3;1;4;0;2;11;11;8;2;0;6;12;7;2
 01/10/2019;10:00:00 - 10:59:59;AM10-J;2;10;0;1;0;4;1;0;2;1;1;2;2;5;1;5;1;3;35;6;4;0;0;1;3;4;13;9;4;1;4;9;5;0
 01/10/2019;10:00:00 - 10:59:59;AM11-K;2;8;0;0;1;1;2;3;1;1;0;3;2;8;1;5;1;2;33;9;2;0;2;1;3;7;12;9;2;0;6;8;6;1
 01/10/2019;10:00:00 - 10:59:59;AM12-L;1;13;2;2;0;1;2;2;0;2;2;0;1;4;0;9;2;2;54;5;8;3;3;5;7;12;12;21;4;1;4;10;11;1
 01/10/2019;10:00:00 - 10:59:59;AM13-M;1;7;1;1;0;0;0;0;1;1;2;1;0;5;1;3;2;3;40;10;4;0;7;0;2;9;15;14;2;0;3;7;5;1
 01/10/2019;10:00:00 - 10:59:59;AM14-N;0;12;0;2;0;0;1;3;3;1;4;1;1;1;0;4;2;2;26;10;4;0;2;3;4;8;10;14;1;0;4;4;4;1
 01/10/2019;10:00:00 - 10:59:59;AM15-O;0;2;1;1;0;3;1;3;7;1;1;5;4;1;0;3;0;5;40;16;4;1;4;2;5;8;6;13;3;2;6;10;8;2
 01/10/2019;10:00:00 - 10:59:59;AM16-P;7;11;1;2;0;1;4;2;5;5;8;8;0;1;1;2;1;10;91;28;14;5;18;8;17;37;40;43;14;5;11;19;26;8
 01/10/2019;10:00:00 - 10:59:59;A;0;3;0;0;0;0;0;1;0;0;0;1;0;0;0;1;0;0;4;0;1;0;2;1;1;3;1;1;0;0;0;2;2;0
 01/10/2019;10:00:00 - 10:59:59;B;0;0;0;1;0;1;0;0;0;0;0;1;0;0;0;10;1;0;1;0;0;0;0;1;0;0;0;0;1;0;0;0;0;0
 01/10/2019;10:00:00 - 10:59:59;C;2;12;1;6;1;5;5;6;3;2;5;14;5;8;8;31;3;1;0;0;1;1;2;2;8;0;5;3;1;0;2;0;2;0
 01/10/2019;10:00:00 - 10:59:59;D;0;2;1;0;0;0;0;1;0;1;0;1;0;1;1;4;0;1;0;0;0;0;0;1;0;2;2;2;2;0;0;0;0;2
 01/10/2019;10:00:00 - 10:59:59;E;2;5;1;0;0;1;0;2;2;0;1;1;3;2;4;13;0;1;4;3;0;2;1;0;2;2;1;8;1;0;1;4;3;0
 01/10/2019;10:00:00 - 10:59:59;F;1;1;0;0;1;0;0;0;0;0;0;0;0;1;0;4;0;0;1;1;0;0;0;1;0;0;2;2;1;0;1;0;0;0
 01/10/2019;10:00:00 - 10:59:59;G;0;6;0;1;0;0;1;1;2;0;0;3;0;0;0;1;0;0;2;1;1;0;0;0;3;1;1;8;0;0;1;2;0;0
 01/10/2019;10:00:00 - 10:59:59;H;1;3;1;0;0;0;0;3;1;0;3;1;2;2;1;7;0;2;2;5;0;0;2;0;0;5;5;15;2;0;3;8;0;1
 01/10/2019;10:00:00 - 10:59:59;I;0;1;0;2;0;0;0;2;1;0;2;1;0;1;0;3;0;0;1;0;0;0;0;0;0;1;3;7;1;0;1;2;1;0
 01/10/2019;10:00:00 - 10:59:59;J;3;1;1;0;0;0;0;0;0;0;2;3;0;2;0;9;0;0;2;0;0;1;1;0;1;0;4;7;1;0;3;5;2;0
 01/10/2019;10:00:00 - 10:59:59;K;0;3;0;0;1;1;3;2;1;2;1;6;1;4;0;9;0;0;1;3;0;0;1;0;2;5;0;3;2;0;1;2;3;1
 01/10/2019;10:00:00 - 10:59:59;L;2;5;0;3;1;2;0;1;1;2;0;7;0;1;0;6;0;0;1;0;0;0;1;0;3;8;5;0;2;0;0;2;2;2
 01/10/2019;10:00:00 - 10:59:59;M;0;0;0;0;0;0;0;0;0;3;0;1;0;0;0;3;0;0;0;1;0;0;0;0;1;0;0;4;0;4;1;3;1;2
 01/10/2019;10:00:00 - 10:59:59;N;0;2;0;0;0;0;0;0;1;0;0;1;1;0;0;0;0;0;0;0;0;0;0;0;0;0;0;2;3;0;1;2;2;0
 01/10/2019;10:00:00 - 10:59:59;O;1;2;2;0;0;0;0;0;1;0;0;0;0;1;0;4;0;0;0;0;0;0;0;0;0;2;0;4;0;0;0;0;2;2
 01/10/2019;10:00:00 - 10:59:59;P;3;1;1;1;0;0;1;6;1;1;3;3;4;1;0;6;0;0;0;0;2;1;0;2;2;1;1;3;0;0;0;0;1;4
 01/10/2019;10:00:00 - 10:59:59;Q;1;5;0;0;0;0;0;0;2;0;1;0;0;2;1;3;0;0;0;0;1;0;1;0;0;3;1;0;1;0;0;0;0;2
 01/10/2019;10:00:00 - 10:59:59;U;0;0;1;0;0;0;0;0;0;0;0;1;0;0;0;0;0;0;1;0;0;0;0;1;0;0;1;0;0;2;0;1;4;0
 01/10/2019;11:00:00 - 11:59:59;AM01-A;0;7;0;1;0;1;0;2;2;2;3;0;0;8;5;23;4;2;27;8;5;1;6;2;6;8;5;12;1;1;5;4;6;0
 01/10/2019;11:00:00 - 11:59:59;AM02-B;6;3;2;2;3;1;0;7;3;2;5;5;1;2;3;6;1;3;24;4;7;1;0;3;3;3;8;10;1;1;1;5;3;2
 01/10/2019;11:00:00 - 11:59:59;AM03-C;0;8;0;0;0;0;0;1;3;0;1;0;0;0;1;0;0;0;6;2;0;0;1;0;3;1;2;1;0;0;0;4;0;1
 01/10/2019;11:00:00 - 11:59:59;AM04-D;0;8;0;0;0;0;0;0;0;1;2;1;0;1;2;6;1;0;13;8;0;1;1;1;0;3;4;2;2;0;3;0;0;3
 01/10/2019;11:00:00 - 11:59:59;AM05-E;0;8;1;1;0;1;0;0;0;0;1;0;1;1;0;1;0;2;6;0;0;0;0;0;0;0;1;1;0;0;1;1;0;3
 01/10/2019;11:00:00 - 11:59:59;AM06-F;0;5;1;1;0;0;1;0;0;0;2;3;0;1;1;4;1;1;17;2;1;0;0;1;1;4;2;5;0;0;1;1;0;0
 01/10/2019;11:00:00 - 11:59:59;AM07-G;0;6;0;0;0;0;0;3;2;0;2;2;0;2;2;2;0;2;8;2;1;0;0;2;0;7;3;1;3;0;4;0;1;0
 01/10/2019;11:00:00 - 11:59:59;AM08-H;0;20;2;1;1;1;0;0;2;0;3;0;1;1;2;0;3;0;12;2;1;0;0;0;1;1;7;0;0;0;0;3;1;1
 01/10/2019;11:00:00 - 11:59:59;AM09-I;0;11;0;0;1;0;0;0;0;0;0;0;0;1;0;4;1;3;18;4;1;1;0;1;2;0;7;7;0;0;2;3;3;0
 01/10/2019;11:00:00 - 11:59:59;AM10-J;0;5;0;0;0;0;0;0;2;0;0;3;2;4;4;4;2;2;19;2;0;0;2;1;2;3;8;6;1;0;0;4;6;1
 01/10/2019;11:00:00 - 11:59:59;AM11-K;3;22;0;0;3;0;0;0;3;3;0;2;2;3;1;6;0;3;17;2;3;1;0;4;5;1;8;6;1;0;1;5;3;0
 01/10/2019;11:00:00 - 11:59:59;AM12-L;2;12;0;3;1;0;0;1;3;0;5;1;1;2;6;8;3;3;32;8;4;1;2;0;4;3;4;7;2;0;5;0;4;0
 01/10/2019;11:00:00 - 11:59:59;AM13-M;1;5;1;1;1;0;0;0;3;0;1;0;0;2;1;4;0;3;18;5;0;0;2;1;0;6;5;16;0;0;2;7;2;0
 01/10/2019;11:00:00 - 11:59:59;AM14-N;4;14;0;2;0;0;0;1;2;0;2;2;0;1;1;4;0;1;16;7;0;1;1;0;1;9;7;5;0;0;2;1;4;2
 01/10/2019;11:00:00 - 11:59:59;AM15-O;1;8;0;0;1;0;0;1;3;0;2;3;1;0;0;4;0;2;20;9;0;1;2;1;0;5;6;5;1;0;4;2;2;1
 01/10/2019;11:00:00 - 11:59:59;AM16-P;1;12;0;2;2;1;1;2;7;5;4;6;2;4;2;2;1;6;59;33;11;7;2;7;9;20;25;16;5;0;4;14;18;5
 01/10/2019;11:00:00 - 11:59:59;A;1;2;1;0;0;1;0;1;0;0;4;0;0;1;0;1;0;0;1;3;2;0;0;0;0;1;1;1;0;0;1;0;0;0
 01/10/2019;11:00:00 - 11:59:59;B;1;1;0;2;0;0;0;1;1;0;1;3;1;0;0;1;0;0;1;2;0;0;0;2;0;0;1;0;0;0;0;0;0;0
 01/10/2019;11:00:00 - 11:59:59;C;10;15;1;2;0;6;2;2;5;5;8;13;9;9;7;30;3;0;0;1;1;1;1;1;3;1;3;4;1;2;0;1;1;1
 01/10/2019;11:00:00 - 11:59:59;D;3;3;0;0;0;0;0;0;0;0;0;0;2;1;1;3;2;0;2;0;0;2;3;0;2;3;1;1;0;0;0;0;0;0
 01/10/2019;11:00:00 - 11:59:59;E;0;8;0;0;0;0;0;2;3;1;0;4;3;1;0;7;0;1;0;2;1;0;1;0;1;2;1;9;1;0;0;3;1;2
 01/10/2019;11:00:00 - 11:59:59;F;3;0;0;0;0;0;0;0;0;0;0;0;0;0;0;1;0;0;0;2;0;0;1;2;0;2;1;1;0;0;0;1;1;1
 01/10/2019;11:00:00 - 11:59:59;G;1;3;0;0;0;1;0;0;1;1;3;0;0;0;0;1;0;1;2;4;0;0;0;0;2;5;1;2;0;0;0;0;0;1
 01/10/2019;11:00:00 - 11:59:59;H;5;7;0;1;1;1;1;1;1;1;0;2;3;1;2;6;0;0;1;0;0;0;1;1;1;2;1;1;0;0;0;0;1;2
 01/10/2019;11:00:00 - 11:59:59;I;1;2;0;0;0;0;0;0;2;0;2;0;0;0;0;1;0;0;1;0;0;0;0;1;1;2;5;3;0;2;0;2;0;1
 01/10/2019;11:00:00 - 11:59:59;J;0;2;0;0;0;0;0;0;0;0;0;0;0;5;1;5;0;0;2;1;0;0;0;1;1;0;2;5;0;0;0;2;3;2
 01/10/2019;11:00:00 - 11:59:59;K;2;5;0;1;0;1;0;0;1;0;5;2;1;1;2;12;0;0;3;2;0;0;0;0;3;4;0;2;1;0;1;4;1;4
 01/10/2019;11:00:00 - 11:59:59;L;2;0;0;4;1;0;0;1;1;0;5;2;2;2;0;15;0;0;0;2;0;0;0;1;2;7;0;0;2;1;0;1;2;1
 01/10/2019;11:00:00 - 11:59:59;M;1;6;0;0;0;0;0;2;0;0;1;1;0;0;0;0;0;1;2;0;1;0;0;1;2;0;1;3;0;1;0;0;2;1
 01/10/2019;11:00:00 - 11:59:59;N;0;0;0;0;0;0;0;0;0;0;0;1;0;0;0;0;0;0;1;0;0;0;1;1;0;0;0;1;0;0;1;0;1;0
 01/10/2019;11:00:00 - 11:59:59;O;0;1;1;0;0;0;0;0;1;0;0;0;0;1;1;1;0;0;0;1;0;0;0;1;0;2;2;1;0;1;0;2;2;0
 01/10/2019;11:00:00 - 11:59:59;P;4;4;0;0;0;1;1;1;0;0;1;2;0;2;2;8;0;0;1;0;0;2;1;1;0;3;2;5;1;0;1;0;7;1
 01/10/2019;11:00:00 - 11:59:59;Q;0;2;0;1;0;1;0;0;0;0;0;4;0;1;0;3;0;0;0;1;0;0;2;0;0;2;0;0;0;1;1;5;0;0
 01/10/2019;11:00:00 - 11:59:59;U;1;1;0;0;0;1;0;0;1;1;0;0;0;0;1;4;0;0;0;1;0;0;1;0;0;0;0;1;0;1;0;2;2;1
 01/10/2019;12:00:00 - 12:59:59;AM01-A;0;3;1;0;0;1;1;1;0;0;2;8;2;14;1;12;2;5;19;4;2;0;2;5;2;3;5;9;1;1;3;5;8;1
 01/10/2019;12:00:00 - 12:59:59;AM02-B;3;3;4;0;3;5;1;11;5;4;5;2;1;10;2;9;0;4;19;6;2;1;6;4;2;5;5;12;5;0;2;4;8;5
 01/10/2019;12:00:00 - 12:59:59;AM03-C;0;4;0;0;0;0;0;2;0;0;2;1;0;0;0;1;0;2;4;0;1;0;1;0;0;3;2;3;0;0;2;0;2;0
 01/10/2019;12:00:00 - 12:59:59;AM04-D;1;6;0;1;0;0;0;1;1;0;3;1;3;5;1;3;0;0;13;5;2;0;0;3;1;2;1;6;2;0;1;1;1;0
 01/10/2019;12:00:00 - 12:59:59;AM05-E;0;5;0;0;0;0;0;2;0;0;0;0;0;1;1;0;0;0;2;0;2;0;0;0;0;1;2;2;0;0;0;1;1;0
 01/10/2019;12:00:00 - 12:59:59;AM06-F;0;8;0;0;0;0;0;1;5;0;1;1;0;1;2;4;1;0;20;0;0;0;0;0;1;0;4;6;0;0;1;2;1;0
 01/10/2019;12:00:00 - 12:59:59;AM07-G;1;6;0;0;0;0;0;4;3;1;1;0;0;1;0;4;1;0;5;2;0;0;0;2;0;1;3;1;0;1;2;1;0;1
 01/10/2019;12:00:00 - 12:59:59;AM08-H;0;19;1;1;0;0;1;0;0;0;0;1;0;0;1;2;0;0;13;3;1;1;1;0;0;4;5;4;2;0;0;2;1;1
 01/10/2019;12:00:00 - 12:59:59;AM09-I;2;4;0;0;0;0;2;2;4;1;0;1;1;2;0;4;0;2;18;3;4;1;0;1;4;4;3;4;0;0;1;3;1;0
 01/10/2019;12:00:00 - 12:59:59;AM10-J;1;1;0;0;0;1;0;0;3;0;7;2;0;5;0;8;1;4;13;2;2;1;0;0;3;2;7;6;1;0;0;4;3;0
 01/10/2019;12:00:00 - 12:59:59;AM11-K;2;14;1;1;0;0;0;1;4;3;1;1;0;3;1;8;1;3;26;3;1;0;2;2;1;8;6;9;0;1;2;3;4;5
 01/10/2019;12:00:00 - 12:59:59;AM12-L;0;17;2;0;1;0;0;2;4;2;2;0;1;2;2;8;2;2;30;4;5;3;2;2;2;0;10;8;0;0;2;6;5;0
 01/10/2019;12:00:00 - 12:59:59;AM13-M;1;11;0;0;0;0;0;6;2;2;1;1;0;2;2;5;1;3;13;8;1;2;0;0;1;1;2;7;0;0;4;2;7;3
 01/10/2019;12:00:00 - 12:59:59;AM14-N;0;16;0;0;1;2;0;0;4;1;2;3;1;0;0;4;0;5;16;6;1;0;2;3;1;1;10;3;0;0;2;3;4;0
 01/10/2019;12:00:00 - 12:59:59;AM15-O;3;6;0;1;0;0;0;1;2;1;3;2;1;3;0;3;1;2;29;8;2;1;1;1;1;2;7;8;1;0;2;3;5;1
 01/10/2019;12:00:00 - 12:59:59;AM16-P;10;25;0;3;5;3;0;1;6;2;1;3;6;3;1;2;0;9;73;32;9;1;0;10;9;11;15;22;2;0;3;15;13;3
 01/10/2019;12:00:00 - 12:59:59;A;0;2;0;0;0;2;1;3;0;2;0;2;1;0;0;2;0;3;2;1;2;0;1;0;1;0;0;1;0;0;0;0;0;0
 01/10/2019;12:00:00 - 12:59:59;B;0;2;0;1;0;1;0;1;2;1;0;0;1;1;0;4;0;0;0;0;0;0;0;0;0;0;0;1;1;0;0;0;0;0
 01/10/2019;12:00:00 - 12:59:59;C;8;17;2;3;2;4;3;6;5;5;10;12;9;13;6;29;0;0;1;2;1;1;0;1;2;4;1;2;0;0;2;2;3;1
 01/10/2019;12:00:00 - 12:59:59;D;0;4;1;0;0;0;1;1;0;1;0;4;0;2;4;10;2;0;3;0;0;1;2;1;0;3;2;0;0;0;1;1;0;0
 01/10/2019;12:00:00 - 12:59:59;E;1;9;0;0;0;0;1;0;0;0;3;0;1;5;4;8;1;0;2;3;0;1;2;1;0;3;0;3;0;0;0;2;2;0
 01/10/2019;12:00:00 - 12:59:59;F;0;1;0;0;1;0;0;0;0;0;0;3;0;0;0;4;1;0;1;3;0;0;0;1;0;0;1;2;0;0;1;2;0;0
 01/10/2019;12:00:00 - 12:59:59;G;0;3;0;0;0;0;0;0;1;1;0;3;0;0;0;4;0;0;0;2;1;2;0;1;4;5;1;5;0;0;1;1;0;1
 01/10/2019;12:00:00 - 12:59:59;H;1;4;0;1;0;1;0;1;1;1;2;0;0;1;1;3;0;1;1;1;0;2;2;2;1;1;2;3;1;1;0;0;2;0
 01/10/2019;12:00:00 - 12:59:59;I;1;0;0;1;0;0;1;0;0;1;1;3;0;2;1;3;2;0;0;4;1;0;1;0;0;5;2;3;0;0;0;1;0;0
 01/10/2019;12:00:00 - 12:59:59;J;1;6;0;0;1;1;0;0;1;2;1;3;0;2;3;7;0;1;2;3;0;0;2;1;4;0;3;8;0;0;2;5;0;1
 01/10/2019;12:00:00 - 12:59:59;K;2;7;1;1;0;1;1;1;7;1;2;8;5;4;1;12;0;0;4;0;1;0;3;1;3;3;0;7;0;0;0;3;1;1
 01/10/2019;12:00:00 - 12:59:59;L;1;3;0;2;0;0;0;2;1;4;2;5;3;6;2;16;0;0;1;1;2;0;1;2;0;6;2;0;1;0;1;1;5;2
 01/10/2019;12:00:00 - 12:59:59;M;0;3;0;0;0;0;1;1;1;0;0;2;0;0;0;5;0;2;1;1;0;0;0;0;0;1;2;4;1;1;0;5;2;2
 01/10/2019;12:00:00 - 12:59:59;N;0;1;0;0;0;0;1;0;0;0;0;0;0;0;0;1;0;0;0;1;0;0;0;1;1;2;0;6;0;0;0;0;0;3
 01/10/2019;12:00:00 - 12:59:59;O;0;2;0;0;0;0;0;0;0;0;1;0;1;1;0;2;0;0;0;2;1;0;0;0;1;3;0;2;0;0;1;5;4;2
 01/10/2019;12:00:00 - 12:59:59;P;0;6;0;5;0;0;1;0;4;0;2;3;0;1;2;11;0;0;0;2;1;0;1;0;0;8;3;2;2;0;5;0;7;1
 01/10/2019;12:00:00 - 12:59:59;Q;1;0;0;1;0;1;0;1;0;1;4;2;1;2;2;3;0;0;1;2;2;0;1;1;2;0;2;4;0;2;1;5;0;4
 01/10/2019;12:00:00 - 12:59:59;U;0;2;0;2;0;0;0;1;0;1;0;0;0;0;0;5;0;0;0;0;0;0;0;0;0;2;2;1;1;1;0;3;4;0
 01/10/2019;13:00:00 - 13:59:59;AM01-A;0;5;1;0;0;0;0;1;0;1;2;0;0;8;2;8;0;2;12;1;2;6;3;0;2;2;6;5;0;0;1;1;2;3
 01/10/2019;13:00:00 - 13:59:59;AM02-B;5;3;2;2;1;10;0;4;6;2;10;12;2;3;3;5;0;2;30;7;1;0;4;0;1;3;8;2;0;0;2;5;3;0
 01/10/2019;13:00:00 - 13:59:59;AM03-C;3;5;0;0;0;1;0;0;0;0;1;0;0;0;0;2;0;3;7;0;0;0;0;1;0;0;1;2;0;0;0;1;1;0
 01/10/2019;13:00:00 - 13:59:59;AM04-D;2;8;0;0;0;0;0;0;1;0;0;0;0;0;0;2;0;1;4;2;0;0;0;1;0;0;1;4;0;0;0;3;2;1
 01/10/2019;13:00:00 - 13:59:59;AM05-E;0;8;0;0;0;1;2;0;0;0;0;0;0;2;0;2;0;0;2;0;1;0;0;0;0;0;0;0;0;0;0;0;0;0
 01/10/2019;13:00:00 - 13:59:59;AM06-F;0;7;1;0;0;2;0;0;1;1;0;2;0;3;0;2;2;1;2;0;2;0;0;1;0;1;4;4;0;0;1;1;4;0
 01/10/2019;13:00:00 - 13:59:59;AM07-G;1;6;0;0;3;0;0;0;2;1;3;1;1;1;1;3;0;0;6;0;0;0;0;0;0;1;1;2;0;0;0;0;0;0
 01/10/2019;13:00:00 - 13:59:59;AM08-H;2;13;2;1;0;0;0;0;0;2;3;5;1;0;0;5;0;1;9;5;2;0;0;0;1;0;3;4;2;0;0;4;1;1
 01/10/2019;13:00:00 - 13:59:59;AM09-I;1;2;0;0;1;0;0;2;0;0;4;0;0;0;0;6;0;0;17;5;0;0;0;0;0;3;1;5;0;0;0;3;1;2
 01/10/2019;13:00:00 - 13:59:59;AM10-J;4;4;1;1;0;0;2;1;0;1;1;0;1;1;1;2;0;3;4;4;2;0;4;2;1;1;4;6;0;0;1;4;0;1
 01/10/2019;13:00:00 - 13:59:59;AM11-K;3;8;0;3;1;0;1;2;3;2;0;0;0;3;1;1;1;2;11;1;1;1;2;0;1;1;4;0;1;0;3;1;1;0
 01/10/2019;13:00:00 - 13:59:59;AM12-L;3;24;2;1;0;1;0;0;8;0;2;1;1;2;4;5;0;1;24;3;5;0;1;0;1;2;4;10;1;1;1;1;1;1
 01/10/2019;13:00:00 - 13:59:59;AM13-M;0;5;0;0;0;0;0;0;0;0;2;0;0;2;0;2;0;0;20;3;4;1;1;0;0;4;7;2;0;3;1;2;4;3
 01/10/2019;13:00:00 - 13:59:59;AM14-N;1;8;1;2;2;2;1;1;1;1;4;4;1;0;0;1;0;0;25;4;3;1;0;0;0;3;8;1;0;0;0;6;5;0
 01/10/2019;13:00:00 - 13:59:59;AM15-O;0;7;0;0;0;0;0;0;1;1;6;0;1;3;1;3;0;4;14;14;1;1;0;2;5;5;4;5;0;0;1;3;3;0
 01/10/2019;13:00:00 - 13:59:59;AM16-P;10;20;1;2;0;4;3;0;5;1;7;8;5;4;1;2;0;8;43;25;5;3;3;6;8;11;22;13;2;0;2;6;11;2
 01/10/2019;13:00:00 - 13:59:59;A;0;1;0;1;0;0;0;0;0;0;0;2;0;0;0;3;0;0;1;1;0;1;0;0;0;1;1;0;0;0;1;0;0;0
 01/10/2019;13:00:00 - 13:59:59;B;0;2;0;0;0;0;0;0;1;1;1;1;1;2;0;8;0;0;1;2;0;0;1;0;0;0;0;1;0;0;0;0;0;0
 01/10/2019;13:00:00 - 13:59:59;C;5;31;4;7;3;8;6;4;6;7;17;19;5;8;16;38;1;1;0;2;0;0;2;2;2;3;4;4;0;0;3;1;0;1
 01/10/2019;13:00:00 - 13:59:59;D;0;6;0;0;0;0;0;3;2;1;3;1;0;1;7;17;0;0;2;0;1;1;1;3;0;1;2;0;0;1;0;1;1;0
 01/10/2019;13:00:00 - 13:59:59;E;3;7;0;0;0;1;0;0;3;1;1;4;0;1;1;13;0;0;1;1;0;0;0;0;0;0;1;1;0;0;1;2;1;2
 01/10/2019;13:00:00 - 13:59:59;F;0;1;0;1;1;0;0;0;0;0;0;0;0;0;0;2;0;1;0;0;0;0;0;0;0;0;0;1;1;0;0;0;1;1
 01/10/2019;13:00:00 - 13:59:59;G;3;4;0;0;0;0;0;0;0;0;1;3;0;1;0;5;0;2;2;0;0;1;1;1;1;1;1;1;0;0;1;3;1;0
 01/10/2019;13:00:00 - 13:59:59;H;0;3;0;0;0;2;0;0;0;1;2;2;0;3;0;6;2;0;1;0;0;0;1;0;1;2;3;3;0;0;0;3;1;0
 01/10/2019;13:00:00 - 13:59:59;I;0;1;0;0;0;0;0;1;3;2;0;3;2;0;0;4;0;0;2;1;0;0;0;0;0;8;0;5;0;0;0;1;2;0
 01/10/2019;13:00:00 - 13:59:59;J;1;2;0;2;0;2;1;1;1;5;2;2;0;2;2;10;0;0;1;1;1;1;3;1;4;0;5;5;4;1;3;2;2;1
 01/10/2019;13:00:00 - 13:59:59;K;1;7;0;3;2;2;1;3;5;4;4;5;4;3;1;24;0;0;1;3;0;0;1;0;2;3;1;4;0;2;2;3;1;0
 01/10/2019;13:00:00 - 13:59:59;L;3;3;1;4;0;3;1;0;4;1;5;5;4;3;5;2;0;0;0;1;5;2;1;0;4;5;2;0;2;0;1;2;4;0
 01/10/2019;13:00:00 - 13:59:59;M;2;1;0;1;0;1;0;0;0;0;0;2;0;2;0;1;0;0;0;0;0;1;0;0;0;1;2;2;0;0;1;0;2;0
 01/10/2019;13:00:00 - 13:59:59;N;1;0;0;0;0;0;0;0;0;0;0;0;2;0;0;0;0;0;1;0;0;0;0;0;1;0;0;0;0;0;0;0;5;0
 01/10/2019;13:00:00 - 13:59:59;O;0;1;0;0;1;0;0;0;0;0;0;2;0;4;1;8;0;0;0;0;1;0;0;0;0;2;1;1;0;2;0;3;3;0
 01/10/2019;13:00:00 - 13:59:59;P;2;4;1;0;1;3;2;1;4;2;5;4;4;1;3;9;2;0;1;2;3;1;1;1;2;4;5;3;1;1;5;1;4;2
 01/10/2019;13:00:00 - 13:59:59;Q;2;7;2;0;0;0;1;0;1;2;5;3;2;3;2;15;1;1;0;0;1;1;1;0;2;1;2;3;4;1;3;4;1;1
 01/10/2019;13:00:00 - 13:59:59;U;3;1;0;1;1;0;0;0;1;1;3;2;1;0;0;2;0;0;2;0;2;0;0;0;0;1;1;0;2;0;0;2;6;0
 01/10/2019;14:00:00 - 14:59:59;AM01-A;0;5;0;1;0;0;0;3;1;0;2;1;0;3;0;3;1;0;9;1;4;1;2;0;1;1;1;3;1;0;2;3;1;0
 01/10/2019;14:00:00 - 14:59:59;AM02-B;5;5;7;2;5;2;0;15;1;3;6;8;7;6;4;9;0;2;16;6;2;0;0;3;1;1;2;4;0;0;0;2;2;0
 01/10/2019;14:00:00 - 14:59:59;AM03-C;0;4;0;0;0;0;0;1;3;0;2;0;0;0;0;2;0;0;3;1;0;0;1;0;0;0;2;0;0;0;0;0;0;0
 01/10/2019;14:00:00 - 14:59:59;AM04-D;0;6;0;0;0;0;0;0;0;0;1;1;0;0;0;6;0;3;5;4;1;0;0;0;0;0;4;1;1;0;0;0;0;1
 01/10/2019;14:00:00 - 14:59:59;AM05-E;0;6;0;0;0;0;0;0;2;0;2;0;0;1;0;1;0;0;2;2;1;1;0;0;0;0;1;0;0;0;0;0;0;0
 01/10/2019;14:00:00 - 14:59:59;AM06-F;0;6;0;0;1;0;0;1;2;0;0;0;0;1;1;3;2;0;3;0;0;0;0;0;0;1;2;2;0;2;0;2;2;0
 01/10/2019;14:00:00 - 14:59:59;AM07-G;0;8;0;2;0;0;0;1;2;1;1;0;0;0;2;0;0;0;6;4;0;0;0;0;0;0;0;5;0;0;0;5;3;0
 01/10/2019;14:00:00 - 14:59:59;AM08-H;3;18;1;1;1;0;1;0;1;0;0;2;2;3;0;3;0;0;4;2;1;0;0;1;0;1;2;3;1;0;0;0;0;0
 01/10/2019;14:00:00 - 14:59:59;AM09-I;1;7;0;0;0;1;1;5;0;1;2;1;2;4;1;0;1;3;10;2;0;0;0;0;2;3;1;5;0;0;1;1;2;1
 01/10/2019;14:00:00 - 14:59:59;AM10-J;4;10;1;0;0;0;0;2;2;0;3;2;0;1;1;4;0;0;2;2;1;0;0;1;2;1;5;3;0;0;0;2;1;0
 01/10/2019;14:00:00 - 14:59:59;AM11-K;0;22;2;2;0;1;0;0;1;3;0;0;1;4;1;8;0;1;12;3;0;0;0;2;0;2;0;6;0;0;1;3;3;1
 01/10/2019;14:00:00 - 14:59:59;AM12-L;0;17;3;2;0;3;1;1;1;6;0;0;1;2;3;5;3;2;20;4;4;0;2;1;2;3;4;5;0;3;0;7;1;0
 01/10/2019;14:00:00 - 14:59:59;AM13-M;0;8;0;0;0;5;1;0;0;1;1;0;0;1;0;3;0;0;5;5;0;0;0;0;2;1;1;9;0;0;0;1;1;0
 01/10/2019;14:00:00 - 14:59:59;AM14-N;3;26;2;3;0;1;3;1;1;2;3;0;1;0;1;6;0;1;6;5;1;0;0;1;0;2;1;5;0;0;0;0;1;0
 01/10/2019;14:00:00 - 14:59:59;AM15-O;0;5;0;0;0;1;0;0;2;1;4;2;0;1;0;2;0;3;7;4;4;0;2;1;0;0;2;7;1;0;0;4;0;0
 01/10/2019;14:00:00 - 14:59:59;AM16-P;8;18;4;6;1;2;4;7;3;2;6;4;2;8;3;1;0;16;44;25;3;0;3;0;3;7;6;17;2;1;5;10;3;2
 01/10/2019;14:00:00 - 14:59:59;A;1;0;1;0;1;1;0;0;0;0;1;1;0;2;0;2;0;0;0;5;0;0;1;0;0;1;1;0;0;0;1;0;0;0
 01/10/2019;14:00:00 - 14:59:59;B;1;4;0;0;0;2;1;0;0;1;0;2;3;1;0;8;0;0;0;1;1;0;0;1;0;0;0;0;0;0;0;0;1;0
 01/10/2019;14:00:00 - 14:59:59;C;9;22;2;12;1;6;7;5;15;13;13;22;17;12;15;45;0;2;0;0;0;0;0;2;0;3;1;2;1;2;0;0;0;1
 01/10/2019;14:00:00 - 14:59:59;D;3;4;0;0;0;1;0;0;0;4;2;3;2;7;3;10;0;1;0;0;0;2;1;1;0;1;0;1;0;0;0;1;1;1
 01/10/2019;14:00:00 - 14:59:59;E;0;7;0;5;0;0;0;1;2;1;0;0;2;1;0;3;0;0;0;0;0;0;1;0;1;2;0;2;0;0;1;1;0;0
 01/10/2019;14:00:00 - 14:59:59;F;0;2;0;1;0;0;0;0;1;0;1;1;0;0;0;1;0;1;0;3;1;0;0;0;0;1;0;1;0;0;0;0;1;0
 01/10/2019;14:00:00 - 14:59:59;G;0;1;2;1;0;1;0;0;0;0;1;0;1;0;0;4;1;0;0;3;0;0;0;1;4;3;1;3;0;0;0;1;5;0
 01/10/2019;14:00:00 - 14:59:59;H;2;2;0;1;0;0;0;2;1;1;0;1;0;2;2;13;0;0;0;2;0;1;0;1;2;1;2;5;0;2;0;2;0;2
 01/10/2019;14:00:00 - 14:59:59;I;0;1;0;2;0;0;0;0;1;0;0;0;0;1;3;3;0;0;3;0;1;0;0;1;0;0;2;1;0;0;2;0;0;0
 01/10/2019;14:00:00 - 14:59:59;J;2;1;1;0;4;1;0;0;2;0;0;6;1;1;0;4;0;0;0;2;0;0;3;4;3;1;6;6;1;0;0;3;4;0
 01/10/2019;14:00:00 - 14:59:59;K;2;12;0;3;1;1;2;1;1;3;6;5;2;3;3;8;1;0;6;2;1;0;1;2;3;7;0;0;1;0;0;3;3;1
 01/10/2019;14:00:00 - 14:59:59;L;4;12;1;0;0;5;0;1;5;0;3;5;1;2;1;10;0;0;0;1;4;0;2;1;4;6;6;0;2;1;0;3;4;1
 01/10/2019;14:00:00 - 14:59:59;M;3;0;0;0;0;0;0;0;0;0;0;0;1;1;0;3;0;0;1;0;0;0;0;0;0;0;3;2;0;0;0;1;1;1
 01/10/2019;14:00:00 - 14:59:59;N;1;1;0;0;0;0;0;0;0;0;1;0;0;1;0;1;0;0;1;1;0;0;1;0;1;0;1;1;0;0;0;0;0;0
 01/10/2019;14:00:00 - 14:59:59;O;2;2;0;1;0;0;0;0;2;0;0;2;1;0;0;7;0;0;1;1;0;0;0;1;0;1;2;3;1;0;0;3;1;1
 01/10/2019;14:00:00 - 14:59:59;P;2;7;0;2;0;0;1;3;0;4;3;5;0;1;0;8;1;2;3;2;3;1;0;1;0;0;1;1;1;0;4;0;2;3
 01/10/2019;14:00:00 - 14:59:59;Q;1;4;1;0;0;2;0;0;3;5;1;4;1;4;6;13;0;0;3;1;2;0;0;1;1;4;1;2;2;0;3;5;0;3
 01/10/2019;14:00:00 - 14:59:59;U;1;8;0;1;0;1;0;1;1;1;2;1;0;0;1;1;0;0;2;0;1;0;1;1;0;1;1;4;2;1;0;1;6;0
 01/10/2019;15:00:00 - 15:59:59;AM01-A;0;16;0;0;0;1;0;1;1;0;1;3;0;7;1;7;1;2;16;0;0;0;0;1;0;2;1;4;0;0;0;3;4;0
 01/10/2019;15:00:00 - 15:59:59;AM02-B;9;3;4;4;3;7;2;7;5;2;8;5;6;12;0;13;0;3;10;12;3;0;3;4;4;1;6;8;3;0;3;2;4;1
 01/10/2019;15:00:00 - 15:59:59;AM03-C;1;3;0;0;0;0;0;3;0;0;0;1;0;0;0;1;0;0;1;0;1;0;0;0;0;1;0;1;0;0;0;0;0;1
 01/10/2019;15:00:00 - 15:59:59;AM04-D;1;0;0;0;0;1;0;0;0;0;1;1;0;1;1;3;0;0;3;2;0;0;1;2;0;1;3;3;1;0;0;2;1;3
 01/10/2019;15:00:00 - 15:59:59;AM05-E;1;2;0;1;0;0;0;1;0;0;1;0;0;0;0;1;0;0;1;0;0;0;0;0;0;1;2;4;0;0;0;0;0;0
 01/10/2019;15:00:00 - 15:59:59;AM06-F;2;2;0;0;0;0;0;0;1;1;0;0;0;0;0;1;0;1;6;0;0;0;0;0;0;1;1;0;0;0;0;0;0;1
 01/10/2019;15:00:00 - 15:59:59;AM07-G;0;4;0;1;0;0;0;2;0;0;2;1;0;1;2;2;0;0;1;1;0;0;0;0;0;2;4;0;0;0;0;0;0;2
 01/10/2019;15:00:00 - 15:59:59;AM08-H;11;23;4;0;3;1;2;0;3;1;0;3;0;0;1;2;0;0;5;3;0;0;0;0;1;0;1;4;0;0;1;0;0;0
 01/10/2019;15:00:00 - 15:59:59;AM09-I;0;17;0;0;0;0;2;2;0;0;0;2;0;0;0;6;0;0;10;2;1;0;0;1;0;1;0;6;0;0;0;7;3;0
 01/10/2019;15:00:00 - 15:59:59;AM10-J;0;14;1;2;0;3;1;0;1;0;0;1;3;0;3;5;0;1;6;2;3;1;0;1;1;2;1;4;0;0;0;1;0;1
 01/10/2019;15:00:00 - 15:59:59;AM11-K;2;18;1;0;2;0;0;2;1;1;1;0;1;2;1;7;0;1;16;9;3;0;0;1;0;2;0;1;1;0;1;3;0;0
 01/10/2019;15:00:00 - 15:59:59;AM12-L;1;10;0;0;2;3;3;3;6;6;5;0;0;1;7;7;0;3;16;9;4;0;1;2;0;2;5;10;3;0;0;7;6;0
 01/10/2019;15:00:00 - 15:59:59;AM13-M;0;3;0;2;0;1;0;2;1;1;2;0;0;0;6;3;0;0;4;5;2;0;0;1;2;1;2;4;1;0;0;2;0;0
 01/10/2019;15:00:00 - 15:59:59;AM14-N;5;17;0;1;3;3;0;1;2;3;4;1;0;1;4;10;0;0;20;8;1;0;2;1;1;2;4;3;1;1;0;0;1;0
 01/10/2019;15:00:00 - 15:59:59;AM15-O;1;8;2;0;0;2;1;1;3;2;1;6;0;0;0;4;1;3;10;7;2;1;0;4;4;5;0;3;0;0;0;2;2;0
 01/10/2019;15:00:00 - 15:59:59;AM16-P;13;17;4;7;1;4;2;4;5;4;9;13;7;7;8;2;1;6;50;24;7;2;2;4;4;13;14;21;5;0;2;9;9;2
 01/10/2019;15:00:00 - 15:59:59;A;2;2;0;1;0;0;0;2;2;0;1;1;1;1;0;4;0;1;2;0;0;0;0;0;2;0;1;0;2;0;0;0;1;0
 01/10/2019;15:00:00 - 15:59:59;B;1;5;1;0;0;0;1;2;2;2;3;3;1;4;3;9;0;1;1;0;2;0;0;0;0;1;0;0;0;0;0;0;0;0
 01/10/2019;15:00:00 - 15:59:59;C;19;29;4;9;6;13;7;10;19;13;18;24;19;18;24;62;0;0;0;4;1;1;0;1;5;3;0;0;1;0;0;0;1;0
 01/10/2019;15:00:00 - 15:59:59;D;4;7;0;0;0;3;0;0;4;2;1;4;3;4;12;35;1;2;1;0;0;0;1;3;3;2;1;2;0;0;0;1;0;0
 01/10/2019;15:00:00 - 15:59:59;E;4;3;0;0;0;0;0;1;0;2;0;3;1;2;2;6;2;0;2;0;0;0;0;0;2;0;1;0;0;0;0;0;3;1
 01/10/2019;15:00:00 - 15:59:59;F;0;4;0;0;0;0;0;0;0;0;0;3;1;0;0;0;0;0;1;0;0;0;0;3;0;1;0;1;1;0;0;0;1;1
 01/10/2019;15:00:00 - 15:59:59;G;2;6;1;0;0;0;0;0;1;0;0;2;0;1;1;6;0;0;1;1;2;1;0;1;0;2;1;1;0;0;0;1;0;0
 01/10/2019;15:00:00 - 15:59:59;H;2;7;0;0;0;3;2;1;1;1;1;0;4;3;3;5;0;0;5;2;2;0;0;0;0;1;0;2;0;0;0;1;0;0
 01/10/2019;15:00:00 - 15:59:59;I;4;1;1;1;1;1;0;2;2;1;3;6;0;3;1;8;0;0;2;2;1;1;0;1;0;4;0;2;1;0;0;1;0;0
 01/10/2019;15:00:00 - 15:59:59;J;1;9;1;0;0;4;2;1;6;4;1;1;1;8;0;9;1;0;1;3;5;0;0;3;4;0;5;5;0;0;3;2;1;0
 01/10/2019;15:00:00 - 15:59:59;K;2;8;0;0;2;2;1;5;2;1;2;5;2;4;6;17;0;2;5;3;1;0;1;3;3;8;0;4;0;0;0;0;0;0
 01/10/2019;15:00:00 - 15:59:59;L;2;12;0;1;1;7;2;1;4;3;1;8;4;0;5;19;1;0;0;1;3;0;1;2;1;12;5;0;4;0;2;1;0;1
 01/10/2019;15:00:00 - 15:59:59;M;0;1;0;1;0;2;0;0;1;0;3;0;0;1;0;5;0;0;1;0;2;2;1;2;0;1;0;2;0;0;0;0;2;0
 01/10/2019;15:00:00 - 15:59:59;N;0;0;0;0;0;0;0;0;1;0;0;0;0;0;0;4;0;0;1;0;0;0;0;0;1;1;0;0;1;0;1;2;1;0
 01/10/2019;15:00:00 - 15:59:59;O;3;2;2;0;0;0;0;0;3;2;1;2;0;0;0;2;1;0;1;1;0;0;0;0;0;3;1;1;0;0;0;0;0;0
 01/10/2019;15:00:00 - 15:59:59;P;1;5;0;2;0;2;3;3;4;1;4;4;4;2;7;19;1;1;3;1;2;1;2;1;0;3;2;1;2;1;0;0;4;2
 01/10/2019;15:00:00 - 15:59:59;Q;0;0;4;1;0;2;3;1;3;2;1;6;5;5;4;12;1;2;2;2;0;0;1;0;1;5;0;6;1;1;2;4;0;4
 01/10/2019;15:00:00 - 15:59:59;U;2;9;0;1;1;1;0;0;1;1;1;0;1;0;0;3;0;0;0;2;2;2;1;1;0;3;1;1;1;0;0;4;3;0
 01/10/2019;16:00:00 - 16:59:59;AM01-A;0;8;2;0;1;0;0;0;1;2;3;1;0;4;3;4;0;3;12;1;1;0;0;0;1;1;4;3;0;0;1;0;0;2
 01/10/2019;16:00:00 - 16:59:59;AM02-B;7;5;7;3;2;3;4;13;10;10;10;15;5;5;9;20;4;4;18;6;5;2;1;2;3;3;3;7;3;0;0;5;1;1
 01/10/2019;16:00:00 - 16:59:59;AM03-C;0;8;0;0;0;0;0;0;0;0;0;1;0;0;0;3;0;0;4;1;0;0;0;0;0;1;0;0;0;0;0;0;0;0
 01/10/2019;16:00:00 - 16:59:59;AM04-D;0;5;1;0;0;0;0;0;1;0;3;1;0;2;1;0;0;0;6;1;0;0;0;1;0;0;1;1;1;0;0;1;0;0
 01/10/2019;16:00:00 - 16:59:59;AM05-E;0;2;0;0;1;0;0;0;0;1;0;0;1;0;0;2;0;0;5;0;0;0;0;0;0;0;2;0;0;0;0;3;0;0
 01/10/2019;16:00:00 - 16:59:59;AM06-F;1;7;0;1;0;0;0;0;0;1;0;0;0;0;0;1;0;0;12;4;0;0;0;0;0;0;0;3;0;0;0;1;0;0
 01/10/2019;16:00:00 - 16:59:59;AM07-G;1;6;0;1;0;0;0;1;1;0;0;0;0;0;0;1;0;0;3;0;2;0;0;1;0;1;4;0;0;0;0;1;3;0
 01/10/2019;16:00:00 - 16:59:59;AM08-H;7;24;1;0;1;1;2;0;4;1;1;3;1;1;1;3;0;1;4;4;1;0;1;2;1;0;3;3;1;0;1;0;1;0
 01/10/2019;16:00:00 - 16:59:59;AM09-I;2;5;2;0;0;0;1;2;1;0;0;4;1;1;2;3;0;2;7;2;1;1;1;0;4;0;4;1;0;0;1;1;1;0
 01/10/2019;16:00:00 - 16:59:59;AM10-J;2;1;0;3;2;0;0;0;1;1;2;1;3;1;1;5;0;0;11;2;0;0;0;1;2;0;1;0;0;0;1;0;0;0
 01/10/2019;16:00:00 - 16:59:59;AM11-K;7;24;0;4;0;2;2;3;3;4;1;1;4;4;6;6;1;1;7;0;1;0;1;0;4;0;2;3;1;0;0;0;0;0
 01/10/2019;16:00:00 - 16:59:59;AM12-L;1;18;0;3;2;1;2;8;4;4;3;0;0;4;9;12;3;4;10;4;1;0;1;1;3;1;9;9;1;1;1;0;1;0
 01/10/2019;16:00:00 - 16:59:59;AM13-M;1;3;0;1;0;1;2;0;4;1;1;1;0;0;1;1;0;0;6;3;0;0;1;0;0;2;1;5;0;0;0;1;1;0
 01/10/2019;16:00:00 - 16:59:59;AM14-N;9;24;0;5;1;2;3;4;4;7;5;3;2;1;3;3;0;0;9;4;1;0;1;0;3;2;5;2;1;0;0;3;0;1
 01/10/2019;16:00:00 - 16:59:59;AM15-O;5;15;1;1;0;4;4;0;0;3;1;9;3;5;1;2;2;1;18;11;2;0;0;3;0;0;7;2;0;0;2;1;0;2
 01/10/2019;16:00:00 - 16:59:59;AM16-P;19;30;4;9;6;7;9;7;9;8;13;21;9;11;6;1;0;5;46;25;33;4;5;4;8;10;15;23;4;0;2;13;6;2
 01/10/2019;16:00:00 - 16:59:59;A;2;2;2;0;0;1;1;1;0;0;5;1;1;0;3;1;0;0;2;2;0;0;1;0;0;0;0;0;0;0;1;0;0;0
 01/10/2019;16:00:00 - 16:59:59;B;1;3;1;3;0;0;0;1;1;3;2;3;4;3;2;17;0;0;0;0;0;0;0;0;0;3;0;0;0;0;0;0;0;0
 01/10/2019;16:00:00 - 16:59:59;C;24;41;7;7;3;25;14;14;25;17;32;45;29;25;37;115;4;1;0;4;2;1;2;2;2;2;1;3;1;0;0;0;0;0
 01/10/2019;16:00:00 - 16:59:59;D;3;15;1;5;1;7;1;6;2;7;8;9;5;3;17;34;3;3;1;0;2;1;1;1;0;2;0;0;1;0;2;0;2;0
 01/10/2019;16:00:00 - 16:59:59;E;3;6;0;2;0;1;0;0;3;2;0;4;7;3;2;11;1;0;2;1;0;1;2;2;0;2;2;2;1;0;0;4;1;0
 01/10/2019;16:00:00 - 16:59:59;F;0;1;0;0;0;0;0;0;0;1;0;4;2;0;2;6;0;0;0;2;0;0;0;0;0;0;1;2;0;0;0;1;0;2
 01/10/2019;16:00:00 - 16:59:59;G;2;5;1;0;0;3;0;0;0;3;4;2;3;0;3;8;1;1;0;0;1;0;0;2;0;3;0;3;0;0;0;1;1;0
 01/10/2019;16:00:00 - 16:59:59;H;4;7;0;2;1;1;0;1;0;1;1;5;2;1;2;14;0;1;3;3;0;0;0;0;1;2;1;1;0;0;0;3;0;0
 01/10/2019;16:00:00 - 16:59:59;I;1;4;0;0;1;1;0;2;2;3;2;3;2;4;0;12;1;0;3;7;1;1;1;2;0;4;2;4;0;0;0;2;0;0
 01/10/2019;16:00:00 - 16:59:59;J;1;12;0;3;0;1;0;3;5;2;5;2;3;3;2;16;0;0;2;3;3;0;2;4;2;2;3;7;2;1;1;6;2;2
 01/10/2019;16:00:00 - 16:59:59;K;6;16;1;3;0;8;3;3;3;8;7;11;10;13;9;30;2;1;4;5;3;2;1;4;9;9;0;8;2;0;0;4;2;0
 01/10/2019;16:00:00 - 16:59:59;L;5;13;0;2;0;5;0;2;4;4;6;11;5;3;11;15;0;0;2;3;4;1;3;3;5;13;6;0;6;3;3;1;7;4
 01/10/2019;16:00:00 - 16:59:59;M;1;6;1;0;2;2;1;1;2;0;3;3;1;1;2;8;1;0;0;1;1;0;0;0;1;1;4;2;0;0;0;1;2;5
 01/10/2019;16:00:00 - 16:59:59;N;1;2;0;0;0;4;0;0;0;1;0;4;1;4;0;4;0;0;0;0;0;0;0;0;1;0;2;1;0;0;0;1;1;3
 01/10/2019;16:00:00 - 16:59:59;O;1;7;0;1;1;2;2;2;3;1;2;1;1;1;2;7;0;0;2;2;0;1;0;0;0;3;3;3;0;0;0;4;2;1
 01/10/2019;16:00:00 - 16:59:59;P;3;10;0;2;1;0;1;4;5;2;4;8;5;6;0;20;0;1;0;1;4;1;2;4;4;2;3;2;3;0;2;0;3;7
 01/10/2019;16:00:00 - 16:59:59;Q;2;8;5;4;0;6;2;2;6;6;6;5;14;5;7;19;2;0;2;4;3;0;3;3;0;4;2;4;1;0;1;5;0;8
 01/10/2019;16:00:00 - 16:59:59;U;1;5;1;0;0;0;0;0;0;0;0;1;1;1;2;5;2;0;0;1;0;0;0;2;0;4;1;2;3;0;1;4;1;0
 01/10/2019;17:00:00 - 17:59:59;AM01-A;0;16;1;0;1;1;1;7;5;1;5;5;0;5;0;5;0;2;0;0;1;0;2;0;0;0;1;0;0;1;0;3;1;0
 01/10/2019;17:00:00 - 17:59:59;AM02-B;5;3;4;11;9;8;4;11;16;5;18;10;9;16;8;7;0;2;0;1;1;0;1;1;1;0;0;0;0;0;0;0;0;1
 01/10/2019;17:00:00 - 17:59:59;AM03-C;3;20;0;0;0;0;0;0;0;3;1;0;1;2;1;1;0;1;0;0;0;0;0;0;0;0;0;0;0;0;0;1;0;0
 01/10/2019;17:00:00 - 17:59:59;AM04-D;2;18;1;0;0;0;1;2;1;0;3;1;0;0;0;3;0;1;0;0;1;0;0;0;0;1;1;0;0;0;0;0;0;0
 01/10/2019;17:00:00 - 17:59:59;AM05-E;3;15;0;0;0;2;1;2;2;0;5;3;1;0;3;3;0;0;0;0;0;0;0;0;1;0;0;0;0;0;0;0;0;0
 01/10/2019;17:00:00 - 17:59:59;AM06-F;1;18;1;0;1;0;0;2;1;3;2;1;0;2;0;5;0;0;0;0;0;0;0;0;0;0;0;0;0;0;0;2;1;0
 01/10/2019;17:00:00 - 17:59:59;AM07-G;5;14;3;2;1;0;1;2;2;4;1;5;1;1;0;2;0;1;0;0;0;0;0;0;0;0;1;0;0;0;0;0;0;0
 01/10/2019;17:00:00 - 17:59:59;AM08-H;16;41;1;5;3;5;3;0;5;5;8;4;5;1;2;6;2;2;0;1;0;1;0;0;0;0;1;0;0;0;0;0;0;0
 01/10/2019;17:00:00 - 17:59:59;AM09-I;4;29;5;2;2;4;4;4;0;5;3;3;5;6;4;9;0;1;0;1;1;1;1;0;0;0;0;0;0;0;0;0;2;0
 01/10/2019;17:00:00 - 17:59:59;AM10-J;6;15;0;3;2;3;0;2;5;0;0;7;5;7;3;12;0;0;0;0;0;0;0;0;0;0;0;1;0;0;0;1;0;1
 01/10/2019;17:00:00 - 17:59:59;AM11-K;12;33;1;5;10;4;5;7;8;11;1;11;6;3;9;15;1;2;0;1;0;0;2;1;0;0;0;0;0;0;0;1;1;0
 01/10/2019;17:00:00 - 17:59:59;AM12-L;29;59;4;11;2;10;4;20;18;13;18;0;7;15;17;35;1;1;0;10;5;1;1;3;3;1;3;0;0;0;0;0;1;0
 01/10/2019;17:00:00 - 17:59:59;AM13-M;7;20;3;2;1;2;2;4;6;5;7;3;0;4;7;9;0;1;0;1;1;1;1;0;3;2;1;1;0;0;0;1;2;0
 01/10/2019;17:00:00 - 17:59:59;AM14-N;22;40;5;5;0;8;6;3;11;8;16;10;11;2;8;9;0;3;0;5;2;1;2;1;0;1;0;1;0;1;0;0;1;0
 01/10/2019;17:00:00 - 17:59:59;AM15-O;19;31;1;7;4;5;4;7;10;18;22;21;15;16;0;4;0;0;0;6;2;0;2;2;0;0;0;1;0;0;0;2;0;0
 01/10/2019;17:00:00 - 17:59:59;AM16-P;34;35;8;17;7;15;8;5;28;18;24;25;26;23;9;0;3;2;3;19;18;6;5;7;4;5;7;1;0;1;0;1;3;0
 01/10/2019;17:00:00 - 17:59:59;A;8;17;3;5;2;8;5;9;10;9;16;15;11;9;8;12;0;0;0;2;1;0;0;0;0;2;1;0;0;0;0;0;0;0
 01/10/2019;17:00:00 - 17:59:59;B;12;4;2;3;2;2;3;6;6;7;11;6;6;5;8;21;0;0;0;0;0;0;0;0;0;0;1;0;0;0;0;0;0;0
 01/10/2019;17:00:00 - 17:59:59;C;42;100;11;30;8;44;33;30;56;63;65;105;83;99;101;316;0;0;0;2;5;0;2;3;1;1;0;0;0;0;0;0;0;1
 01/10/2019;17:00:00 - 17:59:59;D;4;19;2;8;3;5;7;3;7;8;26;12;20;22;21;76;0;1;0;0;1;0;0;1;1;1;0;0;0;0;0;1;1;0
 01/10/2019;17:00:00 - 17:59:59;E;5;15;2;2;1;3;1;2;7;4;7;7;2;10;6;28;0;0;0;2;0;0;0;0;1;1;0;1;0;0;0;0;0;0
 01/10/2019;17:00:00 - 17:59:59;F;2;2;2;7;0;2;2;4;2;1;4;6;5;7;1;17;0;0;0;3;0;0;0;0;0;0;0;0;0;1;0;0;0;0
 01/10/2019;17:00:00 - 17:59:59;G;8;8;1;4;2;3;3;5;6;6;19;13;19;18;8;30;0;2;0;0;1;0;2;1;0;2;1;1;0;0;0;0;1;0
 01/10/2019;17:00:00 - 17:59:59;H;3;14;1;3;1;1;1;3;5;5;9;4;0;12;8;11;0;0;0;0;0;1;1;0;1;0;0;0;1;0;0;0;0;0
 01/10/2019;17:00:00 - 17:59:59;I;3;13;2;4;4;5;7;5;14;13;23;33;15;24;24;80;0;1;0;0;0;0;0;5;0;0;0;0;0;0;0;1;0;0
 01/10/2019;17:00:00 - 17:59:59;J;8;15;1;2;3;6;5;3;10;8;10;18;14;17;12;47;0;0;0;1;3;2;1;0;1;0;0;0;3;0;0;1;0;0
 01/10/2019;17:00:00 - 17:59:59;K;12;32;4;2;4;10;6;5;12;17;21;32;22;20;21;58;0;1;0;1;0;1;1;6;1;1;2;0;4;0;0;1;0;0
 01/10/2019;17:00:00 - 17:59:59;L;14;20;4;3;1;5;4;11;7;13;19;12;16;15;15;52;0;1;0;1;4;1;3;2;5;6;2;0;2;2;0;0;0;0
 01/10/2019;17:00:00 - 17:59:59;M;2;1;1;1;0;3;1;1;6;5;3;9;3;10;8;18;0;0;0;1;0;1;0;1;0;1;2;0;0;0;0;0;0;0
 01/10/2019;17:00:00 - 17:59:59;N;1;2;0;0;1;0;1;1;2;0;3;2;3;6;3;10;0;0;0;0;0;0;0;1;0;0;0;0;0;0;1;0;0;0
 01/10/2019;17:00:00 - 17:59:59;O;6;1;3;4;1;5;2;2;4;8;8;8;7;12;12;30;0;0;0;0;1;0;0;2;0;0;0;1;0;0;0;2;1;0
 01/10/2019;17:00:00 - 17:59:59;P;9;16;2;4;1;7;3;5;9;9;14;17;9;12;16;64;0;1;0;0;0;0;2;1;2;0;1;0;0;0;0;0;0;0
 01/10/2019;17:00:00 - 17:59:59;Q;2;17;0;6;1;10;6;1;4;8;12;14;11;10;11;67;0;2;0;4;1;1;0;0;0;0;0;0;1;0;1;1;0;1
 01/10/2019;17:00:00 - 17:59:59;U;1;2;0;0;1;0;1;0;4;2;1;8;4;3;2;14;0;0;1;0;0;0;1;0;0;0;0;0;1;0;1;0;1;0
 01/10/2019;18:00:00 - 18:59:59;AM01-A;0;10;2;1;0;2;2;0;4;1;3;2;3;3;9;12;0;0;0;0;1;0;0;0;0;0;0;0;0;0;0;0;0;0
 01/10/2019;18:00:00 - 18:59:59;AM02-B;20;1;6;6;4;17;9;15;10;14;11;15;6;9;8;14;1;0;0;0;2;1;1;0;0;0;0;0;0;0;0;0;0;0
 01/10/2019;18:00:00 - 18:59:59;AM03-C;3;14;0;1;0;1;2;0;2;0;0;2;0;0;1;2;0;0;0;0;0;0;0;0;0;0;0;0;0;0;0;0;0;0
 01/10/2019;18:00:00 - 18:59:59;AM04-D;0;28;2;1;0;1;1;1;1;3;5;1;1;2;3;1;0;0;0;0;0;0;0;0;0;0;0;0;0;0;0;0;0;0
 01/10/2019;18:00:00 - 18:59:59;AM05-E;4;10;0;0;0;1;1;4;2;0;0;0;0;0;4;3;0;0;0;0;0;0;0;0;0;0;0;0;0;0;0;0;0;0
 01/10/2019;18:00:00 - 18:59:59;AM06-F;6;21;7;6;1;2;2;0;5;0;6;2;1;5;6;4;0;0;0;0;0;0;0;0;0;0;0;0;0;0;0;0;0;0
 01/10/2019;18:00:00 - 18:59:59;AM07-G;4;18;0;3;0;1;0;2;3;4;4;2;2;2;2;4;0;0;0;0;1;0;0;0;0;0;0;0;0;0;0;0;0;0
 01/10/2019;18:00:00 - 18:59:59;AM08-H;10;40;2;3;6;6;2;1;2;4;2;3;1;7;5;3;0;0;0;0;1;0;1;0;0;0;0;0;0;0;0;0;0;0
 01/10/2019;18:00:00 - 18:59:59;AM09-I;9;45;6;3;5;2;4;8;1;6;4;6;2;5;7;12;0;0;0;0;0;0;0;0;0;0;0;0;0;0;0;0;0;0
 01/10/2019;18:00:00 - 18:59:59;AM10-J;4;20;1;6;3;5;2;5;8;0;3;7;4;10;9;6;0;0;0;0;0;0;0;0;0;0;0;0;0;0;0;0;0;0
 01/10/2019;18:00:00 - 18:59:59;AM11-K;7;29;5;3;2;1;2;1;7;6;0;5;4;8;11;12;0;0;0;0;1;0;0;0;0;0;0;0;0;0;0;0;0;0
 01/10/2019;18:00:00 - 18:59:59;AM12-L;9;36;2;13;3;7;8;9;24;12;4;0;7;7;18;24;0;0;0;0;1;0;2;0;0;0;0;0;0;0;0;0;0;0
 01/10/2019;18:00:00 - 18:59:59;AM13-M;6;16;0;3;0;1;1;2;4;2;6;3;0;5;6;7;0;0;0;0;1;0;0;0;0;0;0;0;0;0;0;0;0;0
 01/10/2019;18:00:00 - 18:59:59;AM14-N;19;41;2;10;6;14;12;5;23;11;20;12;14;0;12;8;0;0;0;0;2;0;0;0;0;0;0;0;0;0;0;0;0;0
 01/10/2019;18:00:00 - 18:59:59;AM15-O;19;22;1;9;3;8;8;9;8;10;11;21;10;8;0;4;0;0;0;0;1;0;1;0;0;0;0;0;0;0;0;0;0;0
 01/10/2019;18:00:00 - 18:59:59;AM16-P;55;49;8;17;3;18;10;7;24;11;29;31;14;16;11;1;0;0;0;0;11;0;3;0;0;0;0;0;0;0;0;0;0;0
 01/10/2019;18:00:00 - 18:59:59;A;12;25;3;6;1;10;6;4;7;3;9;18;10;20;16;4;0;0;0;0;0;0;1;0;0;0;0;0;0;0;0;0;0;0
 01/10/2019;18:00:00 - 18:59:59;B;10;6;2;8;1;9;2;7;4;7;13;8;12;10;11;33;0;0;0;0;1;0;0;0;0;0;0;0;0;0;0;0;0;0
 01/10/2019;18:00:00 - 18:59:59;C;127;181;41;72;32;127;60;70;135;120;163;191;145;191;219;457;0;0;0;0;3;1;1;0;0;0;0;0;0;0;0;0;0;0
 01/10/2019;18:00:00 - 18:59:59;D;18;30;3;10;5;16;10;8;16;22;23;26;23;28;37;110;1;0;0;0;3;2;0;0;0;0;0;0;0;0;0;0;0;0
 01/10/2019;18:00:00 - 18:59:59;E;12;8;2;5;1;2;8;6;6;7;8;16;9;12;12;40;0;0;0;0;0;0;0;0;0;0;0;0;0;0;0;0;0;0
 01/10/2019;18:00:00 - 18:59:59;F;6;17;2;10;2;5;5;2;5;8;13;16;9;13;9;20;0;0;0;0;1;0;0;0;0;0;0;0;0;0;0;0;0;0
 01/10/2019;18:00:00 - 18:59:59;G;16;33;8;7;2;24;8;8;16;10;19;15;27;29;10;59;0;0;0;0;0;0;0;0;0;0;0;0;0;0;0;0;0;0
 01/10/2019;18:00:00 - 18:59:59;H;6;22;2;5;1;4;1;2;13;8;13;17;6;19;11;28;0;0;0;0;0;0;0;0;0;0;0;0;0;0;0;0;0;0
 01/10/2019;18:00:00 - 18:59:59;I;50;50;12;24;8;42;18;8;28;23;30;47;26;28;30;75;0;0;0;0;0;1;1;0;0;0;0;0;0;0;0;0;0;0
 01/10/2019;18:00:00 - 18:59:59;J;19;30;8;20;4;33;13;12;26;16;33;37;27;45;32;92;1;0;0;0;1;0;3;0;0;0;0;0;0;0;0;0;0;0
 01/10/2019;18:00:00 - 18:59:59;K;26;45;6;20;9;16;15;17;22;19;32;37;28;37;40;97;0;0;0;0;1;0;1;0;0;0;0;0;0;0;0;0;0;0
 01/10/2019;18:00:00 - 18:59:59;L;29;44;4;9;5;19;12;17;29;27;42;37;24;28;39;85;0;0;0;0;4;1;0;0;1;0;0;0;0;0;0;0;0;0
 01/10/2019;18:00:00 - 18:59:59;M;13;14;2;8;1;12;4;8;13;5;14;14;7;12;12;32;0;0;0;0;0;0;0;0;0;0;0;0;0;0;0;0;0;0
 01/10/2019;18:00:00 - 18:59:59;N;4;1;0;1;0;1;1;0;4;2;4;5;1;6;7;10;0;0;0;0;0;1;0;0;0;0;0;0;0;0;0;0;0;0
 01/10/2019;18:00:00 - 18:59:59;O;14;16;4;12;1;9;8;7;18;17;29;20;13;22;19;69;0;0;0;0;1;1;2;0;0;0;0;0;0;0;0;0;0;0
 01/10/2019;18:00:00 - 18:59:59;P;16;29;5;21;6;29;8;12;23;20;29;33;30;35;50;77;1;0;0;0;1;1;4;0;0;0;0;0;0;0;0;0;0;0
 01/10/2019;18:00:00 - 18:59:59;Q;11;7;4;7;2;7;10;9;11;12;24;19;10;14;22;70;1;0;0;0;1;0;0;0;0;0;0;0;0;0;0;0;0;0
 01/10/2019;18:00:00 - 18:59:59;U;6;8;1;4;0;8;1;1;2;8;7;0;5;6;3;14;0;0;0;0;0;0;0;0;0;0;0;0;0;0;0;0;0;0
 01/10/2019;19:00:00 - 19:59:59;AM01-A;0;4;0;1;1;1;2;0;3;0;0;1;2;8;2;4;0;0;0;0;0;0;0;0;0;0;0;0;0;0;0;0;0;0
 01/10/2019;19:00:00 - 19:59:59;AM02-B;16;0;9;9;4;8;3;9;13;7;14;8;9;12;7;12;0;0;0;0;0;0;0;0;0;0;0;0;0;0;0;0;0;0
 01/10/2019;19:00:00 - 19:59:59;AM03-C;1;4;0;3;0;0;0;0;5;1;0;2;1;1;0;2;0;0;0;0;0;0;0;0;0;0;0;0;0;0;0;0;0;0
 01/10/2019;19:00:00 - 19:59:59;AM04-D;6;7;0;0;0;1;2;0;0;0;1;3;0;1;0;1;0;0;0;0;0;0;0;0;0;0;0;0;0;0;0;0;0;0
 01/10/2019;19:00:00 - 19:59:59;AM05-E;4;9;0;0;0;1;0;2;4;2;2;1;0;2;0;0;0;0;0;0;0;0;0;0;0;0;0;0;0;0;0;0;0;0
 01/10/2019;19:00:00 - 19:59:59;AM06-F;5;11;0;0;3;1;1;0;2;1;1;0;0;1;1;3;0;0;0;0;0;0;0;0;0;0;0;0;0;0;0;0;0;0
 01/10/2019;19:00:00 - 19:59:59;AM07-G;4;12;0;1;0;1;0;3;1;0;0;0;1;1;0;0;0;0;0;0;0;0;0;0;0;0;0;0;0;0;0;0;0;0
 01/10/2019;19:00:00 - 19:59:59;AM08-H;8;17;0;1;0;2;3;0;5;3;1;0;0;0;4;1;0;0;0;0;0;0;0;0;0;0;0;0;0;0;0;0;0;0
 01/10/2019;19:00:00 - 19:59:59;AM09-I;7;24;3;3;4;5;1;2;0;4;6;6;1;3;8;10;0;0;0;0;0;0;0;0;0;0;0;0;0;0;0;0;0;0
 01/10/2019;19:00:00 - 19:59:59;AM10-J;3;13;1;1;2;2;1;0;2;0;0;2;2;2;4;3;0;0;0;0;0;0;0;0;0;0;0;0;0;0;0;0;0;0
 01/10/2019;19:00:00 - 19:59:59;AM11-K;8;21;1;0;1;6;3;3;3;2;0;8;3;3;5;14;0;0;0;0;0;0;0;0;0;0;0;0;0;0;0;0;0;0
 01/10/2019;19:00:00 - 19:59:59;AM12-L;10;25;5;2;4;4;1;2;8;1;4;0;2;13;14;12;0;0;0;0;0;0;0;0;0;0;0;0;0;0;0;0;0;0
 01/10/2019;19:00:00 - 19:59:59;AM13-M;5;4;1;3;2;2;0;1;6;2;4;4;1;2;2;5;0;0;0;0;0;0;0;0;0;0;0;0;0;0;0;0;0;0
 01/10/2019;19:00:00 - 19:59:59;AM14-N;26;40;3;13;4;13;6;3;11;3;13;4;5;0;9;11;0;0;0;0;0;0;0;0;0;0;0;0;0;0;0;0;0;0
 01/10/2019;19:00:00 - 19:59:59;AM15-O;14;9;3;1;1;2;5;3;9;6;6;4;15;8;2;4;0;0;0;0;0;0;0;0;0;0;0;0;0;0;0;0;0;0
 01/10/2019;19:00:00 - 19:59:59;AM16-P;16;27;7;12;4;12;2;11;15;12;18;14;15;18;9;1;0;0;0;0;0;0;0;0;0;0;0;0;0;0;0;0;0;0
 01/10/2019;19:00:00 - 19:59:59;A;4;4;3;4;1;6;3;2;3;5;8;8;6;9;5;2;0;0;0;0;0;0;0;0;0;0;0;0;0;0;0;0;0;0
 01/10/2019;19:00:00 - 19:59:59;B;9;9;0;3;1;4;5;3;5;7;8;8;7;10;8;24;0;0;0;0;0;0;0;0;0;0;0;0;0;0;0;0;0;0
 01/10/2019;19:00:00 - 19:59:59;C;167;154;31;88;35;111;64;49;137;105;183;192;145;177;191;388;0;0;0;0;0;0;0;0;0;0;0;0;0;0;0;0;0;0
 01/10/2019;19:00:00 - 19:59:59;D;18;35;5;17;3;21;9;11;12;18;28;36;26;38;40;92;0;0;0;0;0;0;0;0;0;0;0;0;0;0;0;0;0;0
 01/10/2019;19:00:00 - 19:59:59;E;8;15;5;4;1;3;4;6;8;5;17;24;10;11;11;27;0;0;0;0;0;0;0;0;0;0;0;0;0;0;0;0;0;0
 01/10/2019;19:00:00 - 19:59:59;F;14;8;0;5;0;10;2;1;4;3;6;7;7;4;4;15;0;0;0;0;0;0;0;0;0;0;0;0;0;0;0;0;0;0
 01/10/2019;19:00:00 - 19:59:59;G;16;22;4;3;4;8;4;7;11;7;18;13;13;13;8;31;0;0;0;0;0;0;0;0;0;0;0;0;0;0;0;0;0;0
 01/10/2019;19:00:00 - 19:59:59;H;13;20;2;4;2;4;1;5;7;6;9;13;4;4;2;12;0;0;0;0;0;0;0;0;0;0;0;0;0;0;0;0;0;0
 01/10/2019;19:00:00 - 19:59:59;I;30;20;12;15;8;26;9;6;14;14;30;36;26;31;30;62;0;0;0;0;0;0;0;0;0;0;0;0;0;0;0;0;0;0
 01/10/2019;19:00:00 - 19:59:59;J;34;33;15;19;5;18;14;12;23;12;32;30;18;44;29;75;0;0;0;0;0;0;0;0;0;0;0;0;0;0;0;0;0;0
 01/10/2019;19:00:00 - 19:59:59;K;37;43;5;16;6;21;10;7;15;19;41;38;26;32;31;80;0;0;0;0;0;0;0;0;0;0;0;0;0;0;0;0;0;0
 01/10/2019;19:00:00 - 19:59:59;L;35;46;8;15;4;20;11;10;23;12;29;28;19;23;29;83;0;0;0;0;0;0;0;0;0;0;0;0;0;0;0;0;0;0
 01/10/2019;19:00:00 - 19:59:59;M;19;11;3;7;0;7;4;2;12;10;11;12;12;5;11;40;0;0;0;0;0;0;0;0;0;0;0;0;0;0;0;0;0;0
 01/10/2019;19:00:00 - 19:59:59;N;1;2;0;0;0;3;1;0;0;1;7;3;4;3;3;3;0;0;0;0;0;0;0;0;0;0;0;0;0;0;0;0;0;0
 01/10/2019;19:00:00 - 19:59:59;O;17;27;5;8;7;11;7;9;15;15;22;21;18;18;8;40;0;0;0;0;0;0;0;0;0;0;0;0;0;0;0;0;0;0
 01/10/2019;19:00:00 - 19:59:59;P;43;29;7;13;4;31;10;12;23;17;25;31;29;22;27;95;0;0;0;0;0;0;0;0;0;0;0;0;0;0;0;0;0;0
 01/10/2019;19:00:00 - 19:59:59;Q;21;18;4;5;0;14;6;2;15;16;22;19;11;11;31;47;0;0;0;0;0;0;0;0;0;0;0;0;0;0;0;0;0;0
 01/10/2019;19:00:00 - 19:59:59;U;4;3;0;2;2;1;1;1;2;2;4;2;5;3;1;16;0;0;0;0;0;0;0;0;0;0;0;0;0;0;0;0;0;0
 01/10/2019;20:00:00 - 20:59:59;AM01-A;0;0;0;0;0;0;1;2;0;3;1;0;0;2;2;3;0;0;0;0;0;0;0;0;0;0;0;0;0;0;0;0;0;0
 01/10/2019;20:00:00 - 20:59:59;AM02-B;17;0;5;13;8;5;9;14;10;7;5;8;10;17;15;12;0;0;0;0;0;0;0;0;0;0;0;0;0;0;0;0;0;0
 01/10/2019;20:00:00 - 20:59:59;AM03-C;3;8;0;0;0;0;1;1;0;1;3;1;0;0;0;0;0;0;0;0;0;0;0;0;0;0;0;0;0;0;0;0;0;0
 01/10/2019;20:00:00 - 20:59:59;AM04-D;1;7;0;0;1;1;1;0;0;0;0;0;1;0;2;0;0;0;0;0;0;0;0;0;0;0;0;0;0;0;0;0;0;0
 01/10/2019;20:00:00 - 20:59:59;AM05-E;1;2;0;0;0;1;0;0;0;0;1;1;0;0;0;0;0;0;0;0;0;0;0;0;0;0;0;0;0;0;0;0;0;0
 01/10/2019;20:00:00 - 20:59:59;AM06-F;3;4;0;3;1;0;0;2;1;1;0;0;1;1;2;1;0;0;0;0;0;0;0;0;0;0;0;0;0;0;0;0;0;0
 01/10/2019;20:00:00 - 20:59:59;AM07-G;2;2;1;0;0;1;0;0;0;1;0;0;1;1;1;4;0;0;0;0;0;0;0;0;0;0;0;0;0;0;0;0;0;0
 01/10/2019;20:00:00 - 20:59:59;AM08-H;1;10;1;0;1;1;0;0;0;0;0;1;1;0;3;3;0;0;0;0;0;0;0;0;0;0;0;0;0;0;0;0;0;0
 01/10/2019;20:00:00 - 20:59:59;AM09-I;6;10;1;3;1;2;9;3;1;0;6;2;4;6;5;3;0;0;0;0;0;0;0;0;0;0;0;0;0;0;0;0;0;0
 01/10/2019;20:00:00 - 20:59:59;AM10-J;1;2;0;2;2;0;3;0;3;0;2;2;3;1;5;2;0;0;0;0;0;0;0;0;0;0;0;0;0;0;0;0;0;0
 01/10/2019;20:00:00 - 20:59:59;AM11-K;1;9;0;0;1;0;0;1;4;1;0;2;0;3;2;6;0;0;0;0;0;0;0;0;0;0;0;0;0;0;0;0;0;0
 01/10/2019;20:00:00 - 20:59:59;AM12-L;6;10;1;4;2;2;3;0;2;4;1;0;2;4;11;3;0;0;0;0;0;0;0;0;0;0;0;0;0;0;0;0;0;0
 01/10/2019;20:00:00 - 20:59:59;AM13-M;0;3;1;2;1;2;2;3;0;1;1;3;0;1;2;1;0;0;0;0;0;0;0;0;0;0;0;0;0;0;0;0;0;0
 01/10/2019;20:00:00 - 20:59:59;AM14-N;13;28;3;6;3;4;5;3;4;5;8;7;1;0;3;4;0;0;0;0;0;0;0;0;0;0;0;0;0;0;0;0;0;0
 01/10/2019;20:00:00 - 20:59:59;AM15-O;6;10;1;4;0;5;1;5;2;1;6;6;2;6;0;7;0;0;0;0;0;0;0;0;0;0;0;0;0;0;0;0;0;0
 01/10/2019;20:00:00 - 20:59:59;AM16-P;20;18;3;3;4;3;8;4;4;11;8;14;9;5;2;1;0;0;0;0;0;0;0;0;0;0;0;0;0;0;0;0;0;0
 01/10/2019;20:00:00 - 20:59:59;A;4;1;0;5;2;1;0;2;3;0;4;2;3;3;3;6;0;0;0;0;0;0;0;0;0;0;0;0;0;0;0;0;0;0
 01/10/2019;20:00:00 - 20:59:59;B;5;3;1;1;0;2;1;4;1;5;10;5;3;5;10;28;0;0;0;0;0;0;0;0;0;0;0;0;0;0;0;0;0;0
 01/10/2019;20:00:00 - 20:59:59;C;98;117;23;41;14;79;49;27;59;87;84;104;78;95;115;257;0;0;0;0;0;0;0;0;0;0;0;0;0;0;0;0;0;0
 01/10/2019;20:00:00 - 20:59:59;D;21;11;4;8;3;20;8;7;8;25;18;28;26;30;50;111;0;0;0;0;0;0;0;0;0;0;0;0;0;0;0;0;0;0
 01/10/2019;20:00:00 - 20:59:59;E;5;9;3;8;1;2;2;3;3;4;7;5;6;6;8;21;0;0;0;0;0;0;0;0;0;0;0;0;0;0;0;0;0;0
 01/10/2019;20:00:00 - 20:59:59;F;4;1;0;4;0;4;0;3;0;1;1;3;2;5;1;17;0;0;0;0;0;0;0;0;0;0;0;0;0;0;0;0;0;0
 01/10/2019;20:00:00 - 20:59:59;G;15;7;2;5;0;5;3;2;5;7;2;4;5;7;8;12;0;0;0;0;0;0;0;0;0;0;0;0;0;0;0;0;0;0
 01/10/2019;20:00:00 - 20:59:59;H;8;8;0;6;0;4;1;2;4;8;2;5;9;7;8;17;0;0;0;0;0;0;0;0;0;0;0;0;0;0;0;0;0;0
 01/10/2019;20:00:00 - 20:59:59;I;23;14;2;6;4;20;4;3;7;9;17;25;6;15;21;41;0;0;0;0;0;0;0;0;0;0;0;0;0;0;0;0;0;0
 01/10/2019;20:00:00 - 20:59:59;J;29;26;5;3;4;8;4;3;9;15;20;18;12;18;29;63;0;0;0;0;0;0;0;0;0;0;0;0;0;0;0;0;0;0
 01/10/2019;20:00:00 - 20:59:59;K;22;37;12;16;5;24;8;9;11;16;18;25;14;21;27;66;0;0;0;0;0;0;0;0;0;0;0;0;0;0;0;0;0;0
 01/10/2019;20:00:00 - 20:59:59;L;32;26;5;13;2;14;6;5;21;11;27;15;18;19;20;52;0;0;0;0;0;0;0;0;0;0;0;0;0;0;0;0;0;0
 01/10/2019;20:00:00 - 20:59:59;M;7;9;1;0;3;4;2;0;5;3;9;8;2;4;10;13;0;0;0;0;0;0;0;0;0;0;0;0;0;0;0;0;0;0
 01/10/2019;20:00:00 - 20:59:59;N;2;1;1;0;0;0;3;0;0;1;1;0;1;4;0;6;0;0;0;0;0;0;0;0;0;0;0;0;0;0;0;0;0;0
 01/10/2019;20:00:00 - 20:59:59;O;8;6;6;5;4;8;2;4;4;8;8;6;4;6;7;23;0;0;0;0;0;0;0;0;0;0;0;0;0;0;0;0;0;0
 01/10/2019;20:00:00 - 20:59:59;P;21;18;9;5;4;17;9;4;8;14;21;16;27;23;21;52;0;0;0;0;0;0;0;0;0;0;0;0;0;0;0;0;0;0
 01/10/2019;20:00:00 - 20:59:59;Q;15;8;2;3;2;9;2;5;9;7;9;10;3;13;10;43;0;0;0;0;0;0;0;0;0;0;0;0;0;0;0;0;0;0
 01/10/2019;20:00:00 - 20:59:59;U;2;4;0;1;1;2;0;0;2;2;3;3;0;3;2;9;0;0;0;0;0;0;0;0;0;0;0;0;0;0;0;0;0;0
 01/10/2019;21:00:00 - 21:59:59;AM01-A;0;2;1;0;2;0;0;1;1;0;0;1;0;2;0;4;0;0;0;0;0;0;0;0;0;0;0;0;0;0;0;0;0;0
 01/10/2019;21:00:00 - 21:59:59;AM02-B;12;0;7;6;9;7;11;6;7;11;12;16;9;7;7;13;0;0;0;0;0;0;0;0;0;0;0;0;0;0;0;0;0;0
 01/10/2019;21:00:00 - 21:59:59;AM03-C;1;1;0;0;0;0;0;0;0;0;0;2;0;0;0;2;0;0;0;0;0;0;0;0;0;0;0;0;0;0;0;0;0;0
 01/10/2019;21:00:00 - 21:59:59;AM04-D;4;3;0;0;0;0;0;0;0;0;0;1;1;1;1;0;0;0;0;0;0;0;0;0;0;0;0;0;0;0;0;0;0;0
 01/10/2019;21:00:00 - 21:59:59;AM05-E;1;1;0;0;1;0;0;1;0;0;0;1;0;1;1;0;0;0;0;0;0;0;0;0;0;0;0;0;0;0;0;0;0;0
 01/10/2019;21:00:00 - 21:59:59;AM06-F;2;2;0;1;0;0;0;0;0;0;0;0;0;0;1;0;0;0;0;0;0;0;0;0;0;0;0;0;0;0;0;0;0;0
 01/10/2019;21:00:00 - 21:59:59;AM07-G;3;1;1;0;0;0;0;0;0;1;0;0;0;0;1;1;0;0;0;0;0;0;0;0;0;0;0;0;0;0;0;0;0;0
 01/10/2019;21:00:00 - 21:59:59;AM08-H;2;4;2;0;1;0;0;0;1;1;0;2;2;0;0;1;0;0;0;0;0;0;0;0;0;0;0;0;0;0;0;0;0;0
 01/10/2019;21:00:00 - 21:59:59;AM09-I;6;9;2;5;1;2;0;4;1;0;3;13;1;6;7;16;0;0;0;0;0;0;0;0;0;0;0;0;0;0;0;0;0;0
 01/10/2019;21:00:00 - 21:59:59;AM10-J;0;1;0;0;0;0;0;1;0;0;1;0;0;2;3;2;0;0;0;0;0;0;0;0;0;0;0;0;0;0;0;0;0;0
 01/10/2019;21:00:00 - 21:59:59;AM11-K;4;7;1;1;0;0;1;0;1;3;1;0;3;3;2;6;0;0;0;0;0;0;0;0;0;0;0;0;0;0;0;0;0;0
 01/10/2019;21:00:00 - 21:59:59;AM12-L;6;6;1;1;2;3;0;0;1;0;2;0;0;2;3;2;0;0;0;0;0;0;0;0;0;0;0;0;0;0;0;0;0;0
 01/10/2019;21:00:00 - 21:59:59;AM13-M;1;5;0;2;0;3;1;0;1;2;2;1;0;0;1;3;0;0;0;0;0;0;0;0;0;0;0;0;0;0;0;0;0;0
 01/10/2019;21:00:00 - 21:59:59;AM14-N;6;11;1;6;0;7;1;0;4;4;3;0;2;2;2;2;0;0;0;0;0;0;0;0;0;0;0;0;0;0;0;0;0;0
 01/10/2019;21:00:00 - 21:59:59;AM15-O;4;6;0;1;0;3;1;0;4;1;5;2;3;1;0;5;0;0;0;0;0;0;0;0;0;0;0;0;0;0;0;0;0;0
 01/10/2019;21:00:00 - 21:59:59;AM16-P;12;16;3;4;1;7;2;1;4;9;3;13;7;6;2;1;0;0;0;0;0;0;0;0;0;0;0;0;0;0;0;0;0;0
 01/10/2019;21:00:00 - 21:59:59;A;6;5;0;3;0;1;1;0;0;0;4;0;2;0;2;0;0;0;0;0;0;0;0;0;0;0;0;0;0;0;0;0;0;0
 01/10/2019;21:00:00 - 21:59:59;B;1;5;2;1;1;1;0;1;0;3;2;3;5;2;3;4;0;0;0;0;0;0;0;0;0;0;0;0;0;0;0;0;0;0
 01/10/2019;21:00:00 - 21:59:59;C;54;44;11;40;11;55;35;19;40;36;49;74;63;60;95;157;0;0;0;0;0;0;0;0;0;0;0;0;0;0;0;0;0;0
 01/10/2019;21:00:00 - 21:59:59;D;16;12;0;13;1;10;5;4;17;12;14;19;22;31;56;92;0;0;0;0;0;0;0;0;0;0;0;0;0;0;0;0;0;0
 01/10/2019;21:00:00 - 21:59:59;E;7;8;1;4;0;1;1;1;4;2;6;9;7;2;7;17;0;0;0;0;0;0;0;0;0;0;0;0;0;0;0;0;0;0
 01/10/2019;21:00:00 - 21:59:59;F;1;4;1;1;1;2;0;0;1;0;6;3;0;0;1;6;0;0;0;0;0;0;0;0;0;0;0;0;0;0;0;0;0;0
 01/10/2019;21:00:00 - 21:59:59;G;6;8;1;4;2;2;2;2;5;2;2;4;6;7;3;7;0;0;0;0;0;0;0;0;0;0;0;0;0;0;0;0;0;0
 01/10/2019;21:00:00 - 21:59:59;H;4;4;1;2;0;3;2;1;6;5;1;6;3;4;2;8;0;0;0;0;0;0;0;0;0;0;0;0;0;0;0;0;0;0
 01/10/2019;21:00:00 - 21:59:59;I;17;14;6;9;2;8;4;6;5;4;13;13;8;13;11;31;0;0;0;0;0;0;0;0;0;0;0;0;0;0;0;0;0;0
 01/10/2019;21:00:00 - 21:59:59;J;23;8;4;12;5;11;5;6;11;8;11;25;12;17;17;39;0;0;0;0;0;0;0;0;0;0;0;0;0;0;0;0;0;0
 01/10/2019;21:00:00 - 21:59:59;K;15;10;4;8;0;11;6;1;8;13;8;9;11;13;10;21;0;0;0;0;0;0;0;0;0;0;0;0;0;0;0;0;0;0
 01/10/2019;21:00:00 - 21:59:59;L;15;18;6;4;2;8;3;4;14;9;7;23;21;9;16;57;0;0;0;0;0;0;0;0;0;0;0;0;0;0;0;0;0;0
 01/10/2019;21:00:00 - 21:59:59;M;11;3;0;3;1;2;0;0;1;1;4;1;3;4;6;11;0;0;0;0;0;0;0;0;0;0;0;0;0;0;0;0;0;0
 01/10/2019;21:00:00 - 21:59:59;N;0;3;0;0;0;0;0;2;0;0;1;1;2;0;0;2;0;0;0;0;0;0;0;0;0;0;0;0;0;0;0;0;0;0
 01/10/2019;21:00:00 - 21:59:59;O;5;3;1;1;0;5;3;1;2;2;7;4;9;6;7;9;0;0;0;0;0;0;0;0;0;0;0;0;0;0;0;0;0;0
 01/10/2019;21:00:00 - 21:59:59;P;16;9;3;10;1;5;5;6;12;12;17;8;11;17;20;29;0;0;0;0;0;0;0;0;0;0;0;0;0;0;0;0;0;0
 01/10/2019;21:00:00 - 21:59:59;Q;8;7;2;7;1;8;6;3;5;3;10;10;12;10;9;40;0;0;0;0;0;0;0;0;0;0;0;0;0;0;0;0;0;0
 01/10/2019;21:00:00 - 21:59:59;U;2;1;0;0;1;0;1;1;3;3;0;2;2;2;1;4;0;0;0;0;0;0;0;0;0;0;0;0;0;0;0;0;0;0
 01/10/2019;22:00:00 - 22:59:59;AM01-A;0;0;0;0;0;0;0;1;1;0;0;0;0;2;1;1;0;0;0;0;0;0;0;0;0;0;0;0;0;0;0;0;0;0
 01/10/2019;22:00:00 - 22:59:59;AM02-B;3;0;1;5;3;3;3;2;10;1;2;2;2;1;2;9;0;0;0;0;0;0;0;0;0;0;0;0;0;0;0;0;0;0
 01/10/2019;22:00:00 - 22:59:59;AM03-C;0;1;0;0;0;0;0;0;0;0;0;0;0;0;0;1;0;0;0;0;0;0;0;0;0;0;0;0;0;0;0;0;0;0
 01/10/2019;22:00:00 - 22:59:59;AM04-D;1;0;0;0;0;0;0;0;0;0;0;0;0;0;0;0;0;0;0;0;0;0;0;0;0;0;0;0;0;0;0;0;0;0
 01/10/2019;22:00:00 - 22:59:59;AM05-E;0;0;0;0;0;0;0;0;1;0;2;0;0;1;0;0;0;0;0;0;0;0;0;0;0;0;0;0;0;0;0;0;0;0
 01/10/2019;22:00:00 - 22:59:59;AM06-F;0;1;0;0;0;0;0;0;2;0;0;1;2;0;0;0;0;0;0;0;0;0;0;0;0;0;0;0;0;0;0;0;0;0
 01/10/2019;22:00:00 - 22:59:59;AM07-G;1;0;0;0;0;1;0;0;0;0;0;0;0;0;1;0;0;0;0;0;0;0;0;0;0;0;0;0;0;0;0;0;0;0
 01/10/2019;22:00:00 - 22:59:59;AM08-H;1;3;0;0;0;1;0;0;0;0;0;0;0;0;0;1;0;0;0;0;0;0;0;0;0;0;0;0;0;0;0;0;0;0
 01/10/2019;22:00:00 - 22:59:59;AM09-I;4;9;2;5;0;0;0;0;0;0;0;5;1;1;1;7;0;0;0;0;0;0;0;0;0;0;0;0;0;0;0;0;0;0
 01/10/2019;22:00:00 - 22:59:59;AM10-J;0;0;0;0;0;1;0;0;0;0;0;2;2;0;0;0;0;0;0;0;0;0;0;0;0;0;0;0;0;0;0;0;0;0
 01/10/2019;22:00:00 - 22:59:59;AM11-K;5;3;0;0;1;0;0;0;3;0;0;0;2;2;0;4;0;0;0;0;0;0;0;0;0;0;0;0;0;0;0;0;0;0
 01/10/2019;22:00:00 - 22:59:59;AM12-L;2;3;0;1;0;2;1;0;0;2;0;0;1;0;2;4;0;0;0;0;0;0;0;0;0;0;0;0;0;0;0;0;0;0
 01/10/2019;22:00:00 - 22:59:59;AM13-M;1;1;0;1;1;2;0;0;2;0;0;2;0;0;1;1;0;0;0;0;0;0;0;0;0;0;0;0;0;0;0;0;0;0
 01/10/2019;22:00:00 - 22:59:59;AM14-N;4;5;0;3;0;0;1;3;1;3;1;0;0;0;4;3;0;0;0;0;0;0;0;0;0;0;0;0;0;0;0;0;0;0
 01/10/2019;22:00:00 - 22:59:59;AM15-O;2;1;0;0;1;0;0;0;3;1;2;2;0;0;2;1;0;0;0;0;0;0;0;0;0;0;0;0;0;0;0;0;0;0
 01/10/2019;22:00:00 - 22:59:59;AM16-P;7;7;0;3;0;5;2;2;1;2;5;10;4;3;2;0;0;0;0;0;0;0;0;0;0;0;0;0;0;0;0;0;0;0
 01/10/2019;22:00:00 - 22:59:59;A;1;0;0;1;0;0;0;0;1;1;1;1;0;0;1;0;0;0;0;0;0;0;0;0;0;0;0;0;0;0;0;0;0;0
 01/10/2019;22:00:00 - 22:59:59;B;0;1;0;1;0;3;2;0;1;0;2;3;2;4;3;5;0;0;0;0;0;0;0;0;0;0;0;0;0;0;0;0;0;0
 01/10/2019;22:00:00 - 22:59:59;C;21;25;8;12;10;24;9;10;10;9;19;33;31;25;51;84;0;0;0;0;0;0;0;0;0;0;0;0;0;0;0;0;0;0
 01/10/2019;22:00:00 - 22:59:59;D;7;10;1;9;1;6;5;23;4;8;9;15;6;10;25;39;0;0;0;0;0;0;0;0;0;0;0;0;0;0;0;0;0;0
 01/10/2019;22:00:00 - 22:59:59;E;4;2;0;1;0;0;0;0;2;2;3;2;2;2;5;11;0;0;0;0;0;0;0;0;0;0;0;0;0;0;0;0;0;0
 01/10/2019;22:00:00 - 22:59:59;F;0;0;0;1;0;0;0;0;1;1;1;1;0;1;4;4;0;0;0;0;0;0;0;0;0;0;0;0;0;0;0;0;0;0
 01/10/2019;22:00:00 - 22:59:59;G;3;5;1;1;1;0;0;1;0;0;3;0;1;0;0;8;0;0;0;0;0;0;0;0;0;0;0;0;0;0;0;0;0;0
 01/10/2019;22:00:00 - 22:59:59;H;4;1;0;1;0;1;0;0;1;2;3;2;0;1;1;6;0;0;0;0;0;0;0;0;0;0;0;0;0;0;0;0;0;0
 01/10/2019;22:00:00 - 22:59:59;I;5;10;2;4;0;1;1;1;5;2;5;9;2;5;9;27;0;0;0;0;0;0;0;0;0;0;0;0;0;0;0;0;0;0
 01/10/2019;22:00:00 - 22:59:59;J;6;2;4;4;1;4;5;4;7;6;6;9;5;12;13;23;0;0;0;0;0;0;0;0;0;0;0;0;0;0;0;0;0;0
 01/10/2019;22:00:00 - 22:59:59;K;2;7;2;3;0;0;2;3;2;3;4;5;4;8;7;12;0;0;0;0;0;0;0;0;0;0;0;0;0;0;0;0;0;0
 01/10/2019;22:00:00 - 22:59:59;L;15;10;2;3;1;7;2;1;2;7;5;5;13;5;19;32;0;0;0;0;0;0;0;0;0;0;0;0;0;0;0;0;0;0
 01/10/2019;22:00:00 - 22:59:59;M;1;2;0;1;0;3;1;0;0;1;4;4;1;2;3;10;0;0;0;0;0;0;0;0;0;0;0;0;0;0;0;0;0;0
 01/10/2019;22:00:00 - 22:59:59;N;2;0;0;0;0;2;0;0;1;0;0;0;1;0;0;4;0;0;0;0;0;0;0;0;0;0;0;0;0;0;0;0;0;0
 01/10/2019;22:00:00 - 22:59:59;O;2;2;1;2;2;2;0;0;2;0;3;1;3;5;3;7;0;0;0;0;0;0;0;0;0;0;0;0;0;0;0;0;0;0
 01/10/2019;22:00:00 - 22:59:59;P;5;5;1;3;1;4;2;2;1;4;4;4;5;6;7;22;0;0;0;0;0;0;0;0;0;0;0;0;0;0;0;0;0;0
 01/10/2019;22:00:00 - 22:59:59;Q;5;8;1;2;0;2;2;1;3;5;0;8;4;4;7;21;0;0;0;0;0;0;0;0;0;0;0;0;0;0;0;0;0;0
 01/10/2019;22:00:00 - 22:59:59;U;1;0;0;1;0;2;1;4;0;0;2;1;0;0;0;4;0;0;0;0;0;0;0;0;0;0;0;0;0;0;0;0;0;0
 01/10/2019;23:00:00 - 23:59:59;AM01-A;0;0;0;0;0;0;0;0;0;0;0;0;1;0;0;0;0;0;0;0;0;0;0;0;0;0;0;0;0;0;0;0;0;0
 01/10/2019;23:00:00 - 23:59:59;AM02-B;1;0;0;0;0;0;0;0;0;0;1;0;0;1;0;1;0;0;0;0;0;0;0;0;0;0;0;0;0;0;0;0;0;0
 01/10/2019;23:00:00 - 23:59:59;AM03-C;0;1;0;0;0;0;0;0;0;0;0;0;0;0;0;0;0;0;0;0;0;0;0;0;0;0;0;0;0;0;0;0;0;0
 01/10/2019;23:00:00 - 23:59:59;AM04-D;0;0;0;0;0;0;0;0;0;0;0;0;0;0;0;1;0;0;0;0;0;0;0;0;0;0;0;0;0;0;0;0;0;0
 01/10/2019;23:00:00 - 23:59:59;AM05-E;0;0;1;0;0;0;0;0;0;0;0;0;0;0;1;0;0;0;0;0;0;0;0;0;0;0;0;0;0;0;0;0;0;0
 01/10/2019;23:00:00 - 23:59:59;AM06-F;2;0;0;0;0;0;0;0;0;0;2;0;0;0;0;0;0;0;0;0;0;0;0;0;0;0;0;0;0;0;0;0;0;0
 01/10/2019;23:00:00 - 23:59:59;AM07-G;0;0;0;0;0;0;0;0;0;0;0;0;0;0;0;0;0;0;0;0;0;0;0;0;0;0;0;0;0;0;0;0;0;0
 01/10/2019;23:00:00 - 23:59:59;AM08-H;0;0;0;0;0;0;0;0;0;0;0;0;0;0;0;0;0;0;0;0;0;0;0;0;0;0;0;0;0;0;0;0;0;0
 01/10/2019;23:00:00 - 23:59:59;AM09-I;0;2;1;0;0;0;0;0;0;0;0;0;0;2;0;0;0;0;0;0;0;0;0;0;0;0;0;0;0;0;0;0;0;0
 01/10/2019;23:00:00 - 23:59:59;AM10-J;0;0;0;0;0;0;0;0;0;0;0;0;0;0;0;0;0;0;0;0;0;0;0;0;0;0;0;0;0;0;0;0;0;0
 01/10/2019;23:00:00 - 23:59:59;AM11-K;0;1;0;0;0;0;0;0;0;0;0;1;0;0;0;0;0;0;0;0;0;0;0;0;0;0;0;0;0;0;0;0;0;0
 01/10/2019;23:00:00 - 23:59:59;AM12-L;0;1;0;1;0;0;1;0;0;0;0;0;0;0;1;0;0;0;0;0;0;0;0;0;0;0;0;0;0;0;0;0;0;0
 01/10/2019;23:00:00 - 23:59:59;AM13-M;1;1;0;0;0;0;1;1;0;0;0;0;0;0;0;0;0;0;0;0;0;0;0;0;0;0;0;0;0;0;0;0;0;0
 01/10/2019;23:00:00 - 23:59:59;AM14-N;0;0;2;1;0;0;0;0;0;3;1;0;0;0;0;2;0;0;0;0;0;0;0;0;0;0;0;0;0;0;0;0;0;0
 01/10/2019;23:00:00 - 23:59:59;AM15-O;1;0;0;1;1;0;0;0;0;0;0;0;1;0;0;0;0;0;0;0;0;0;0;0;0;0;0;0;0;0;0;0;0;0
 01/10/2019;23:00:00 - 23:59:59;AM16-P;2;5;0;2;1;2;1;0;0;4;1;0;0;0;1;0;0;0;0;0;0;0;0;0;0;0;0;0;0;0;0;0;0;0
 01/10/2019;23:00:00 - 23:59:59;A;1;1;0;2;0;0;1;1;0;0;0;0;1;1;0;0;0;0;0;0;0;0;0;0;0;0;0;0;0;0;0;0;0;0
 01/10/2019;23:00:00 - 23:59:59;B;1;0;1;0;0;0;0;0;0;0;0;0;0;0;0;2;0;0;0;0;0;0;0;0;0;0;0;0;0;0;0;0;0;0
 01/10/2019;23:00:00 - 23:59:59;C;7;13;3;4;2;7;6;5;5;9;7;8;11;7;12;44;0;0;0;0;0;0;0;0;0;0;0;0;0;0;0;0;0;0
 01/10/2019;23:00:00 - 23:59:59;D;3;5;2;1;0;2;0;0;2;1;2;1;1;2;1;6;0;0;0;0;0;0;0;0;0;0;0;0;0;0;0;0;0;0
 01/10/2019;23:00:00 - 23:59:59;E;2;2;0;2;0;2;0;0;0;2;0;0;0;1;1;8;0;0;0;0;0;0;0;0;0;0;0;0;0;0;0;0;0;0
 01/10/2019;23:00:00 - 23:59:59;F;0;0;0;0;0;0;0;0;0;0;0;2;0;2;1;3;0;0;0;0;0;0;0;0;0;0;0;0;0;0;0;0;0;0
 01/10/2019;23:00:00 - 23:59:59;G;0;0;0;0;0;1;0;0;1;1;1;0;0;0;2;4;0;0;0;0;0;0;0;0;0;0;0;0;0;0;0;0;0;0
 01/10/2019;23:00:00 - 23:59:59;H;2;2;0;1;0;0;0;1;0;1;3;1;0;1;0;9;0;0;0;0;0;0;0;0;0;0;0;0;0;0;0;0;0;0
 01/10/2019;23:00:00 - 23:59:59;I;7;7;0;5;1;1;0;3;0;1;12;4;2;4;3;31;0;0;0;0;0;0;0;0;0;0;0;0;0;0;0;0;0;0
 01/10/2019;23:00:00 - 23:59:59;J;7;1;0;2;0;0;1;0;1;2;0;3;2;0;1;3;0;0;0;0;0;0;0;0;0;0;0;0;0;0;0;0;0;0
 01/10/2019;23:00:00 - 23:59:59;K;6;3;0;0;1;3;1;0;1;5;4;5;2;2;0;10;0;0;0;0;0;0;0;0;0;0;0;0;0;0;0;0;0;0
 01/10/2019;23:00:00 - 23:59:59;L;4;5;1;4;3;4;0;0;4;2;2;7;4;5;3;20;0;0;0;0;0;0;0;0;0;0;0;0;0;0;0;0;0;0
 01/10/2019;23:00:00 - 23:59:59;M;3;2;0;1;0;0;0;0;0;0;0;1;0;1;0;2;0;0;0;0;0;0;0;0;0;0;0;0;0;0;0;0;0;0
 01/10/2019;23:00:00 - 23:59:59;N;0;0;0;0;0;0;0;0;0;0;0;0;0;0;0;0;0;0;0;0;0;0;0;0;0;0;0;0;0;0;0;0;0;0
 01/10/2019;23:00:00 - 23:59:59;O;0;0;0;3;0;0;0;0;0;0;3;1;0;0;2;4;0;0;0;0;0;0;0;0;0;0;0;0;0;0;0;0;0;0
 01/10/2019;23:00:00 - 23:59:59;P;8;1;2;0;0;0;1;0;1;2;0;1;4;1;1;8;0;0;0;0;0;0;0;0;0;0;0;0;0;0;0;0;0;0
 01/10/2019;23:00:00 - 23:59:59;Q;0;1;1;3;2;1;1;3;2;1;3;2;2;3;4;18;0;0;0;0;0;0;0;0;0;0;0;0;0;0;0;0;0;0
 01/10/2019;23:00:00 - 23:59:59;U;0;0;0;0;0;0;0;0;0;0;3;0;0;3;1;3;0;0;0;0;0;0;0;0;0;0;0;0;0;0;0;0;0;0
 01/10/2019;00:00:00 - 00:59:59;AM01-A;0;0;0;0;0;0;0;0;0;0;0;0;0;0;0;0;0;0;0;0;0;0;0;0;0;0;0;0;0;0;0;0;0;0
 01/10/2019;00:00:00 - 00:59:59;AM02-B;0;0;0;0;0;0;0;0;0;0;0;0;0;0;0;0;0;0;0;0;0;0;0;0;0;0;0;0;0;0;0;0;0;0
 01/10/2019;00:00:00 - 00:59:59;AM03-C;0;0;0;0;0;0;0;0;0;0;0;0;0;0;0;0;0;0;0;0;0;0;0;0;0;0;0;0;0;0;0;0;0;0
 01/10/2019;00:00:00 - 00:59:59;AM04-D;0;0;0;0;0;0;0;0;0;0;0;0;0;0;0;0;0;0;0;0;0;0;0;0;0;0;0;0;0;0;0;0;0;0
 01/10/2019;00:00:00 - 00:59:59;AM05-E;0;0;0;0;0;0;0;0;0;0;0;0;0;0;0;0;0;0;0;0;0;0;0;0;0;0;0;0;0;0;0;0;0;0
 01/10/2019;00:00:00 - 00:59:59;AM06-F;0;0;0;0;0;0;0;0;0;0;0;0;0;0;0;0;0;0;0;0;0;0;0;0;0;0;0;0;0;0;0;0;0;0
 01/10/2019;00:00:00 - 00:59:59;AM07-G;0;0;0;0;0;0;0;0;0;0;0;0;0;0;0;0;0;0;0;0;0;0;0;0;0;0;0;0;0;0;0;0;0;0
 01/10/2019;00:00:00 - 00:59:59;AM08-H;0;0;0;0;0;0;0;0;0;0;0;0;0;0;0;0;0;0;0;0;0;0;0;0;0;0;0;0;0;0;0;0;0;0
 01/10/2019;00:00:00 - 00:59:59;AM09-I;0;0;0;0;0;0;0;0;0;0;0;0;0;0;0;0;0;0;0;0;0;0;0;0;0;0;0;0;0;0;0;0;0;0
 01/10/2019;00:00:00 - 00:59:59;AM10-J;0;0;0;0;0;0;0;0;0;0;0;0;0;0;0;0;0;0;0;0;0;0;0;0;0;0;0;0;0;0;0;0;0;0
 01/10/2019;00:00:00 - 00:59:59;AM11-K;0;0;0;0;0;0;0;0;0;0;0;0;0;0;0;0;0;0;0;0;0;0;0;0;0;0;0;0;0;0;0;0;0;0
 01/10/2019;00:00:00 - 00:59:59;AM12-L;0;0;0;0;0;0;0;0;0;0;0;0;0;0;0;0;0;0;0;0;0;0;0;0;0;0;0;0;0;0;0;0;0;0
 01/10/2019;00:00:00 - 00:59:59;AM13-M;0;0;0;0;0;0;0;0;0;0;0;0;0;0;0;0;0;0;0;0;0;0;0;0;0;0;0;0;0;0;0;0;0;0
 01/10/2019;00:00:00 - 00:59:59;AM14-N;0;0;0;0;0;0;0;0;0;0;0;0;0;0;0;0;0;0;0;0;0;0;0;0;0;0;0;0;0;0;0;0;0;0
 01/10/2019;00:00:00 - 00:59:59;AM15-O;0;0;0;0;0;0;0;0;0;0;0;0;0;0;0;0;0;0;0;0;0;0;0;0;0;0;0;0;0;0;0;0;0;0
 01/10/2019;00:00:00 - 00:59:59;AM16-P;0;0;0;0;0;0;0;0;0;0;0;0;0;0;0;1;0;0;0;0;0;0;0;0;0;0;0;0;0;0;0;0;0;0
 01/10/2019;00:00:00 - 00:59:59;A;1;0;0;0;0;0;0;0;0;0;0;0;0;0;0;0;0;0;0;0;0;0;0;0;0;0;0;0;0;0;0;0;0;0
 01/10/2019;00:00:00 - 00:59:59;B;0;0;0;0;0;0;0;0;0;0;0;0;0;0;0;0;0;0;0;0;0;0;0;0;0;0;0;0;0;0;0;0;0;0
 01/10/2019;00:00:00 - 00:59:59;C;1;0;0;0;0;0;0;0;0;0;0;0;0;0;0;2;0;0;0;0;0;0;0;0;0;0;0;0;0;0;0;0;0;0
 01/10/2019;00:00:00 - 00:59:59;D;0;0;0;0;0;0;0;0;0;0;0;0;0;0;0;0;0;0;0;0;0;0;0;0;0;0;0;0;0;0;0;0;0;0
 01/10/2019;00:00:00 - 00:59:59;E;0;0;0;0;0;0;0;0;0;0;0;0;0;0;0;0;0;0;0;0;0;0;0;0;0;0;0;0;0;0;0;0;0;0
 01/10/2019;00:00:00 - 00:59:59;F;0;0;0;0;0;0;0;0;0;0;0;0;0;0;0;0;0;0;0;0;0;0;0;0;0;0;0;0;0;0;0;0;0;0
 01/10/2019;00:00:00 - 00:59:59;G;0;0;0;0;0;0;0;0;0;0;0;0;0;0;0;1;0;0;0;0;0;0;0;0;0;0;0;0;0;0;0;0;0;0
 01/10/2019;00:00:00 - 00:59:59;H;0;0;0;0;0;0;0;0;0;0;0;0;0;0;0;0;0;0;0;0;0;0;0;0;0;0;0;0;0;0;0;0;0;0
 01/10/2019;00:00:00 - 00:59:59;I;0;0;0;0;0;0;0;0;0;0;0;0;0;0;0;0;0;0;0;0;0;0;0;0;0;0;0;0;0;0;0;0;0;0
 01/10/2019;00:00:00 - 00:59:59;J;0;0;0;0;0;0;0;0;0;0;0;0;0;0;0;1;0;0;0;0;0;0;0;0;0;0;0;0;0;0;0;0;0;0
 01/10/2019;00:00:00 - 00:59:59;K;0;0;0;0;0;0;0;0;0;0;0;0;0;0;0;0;0;0;0;0;0;0;0;0;0;0;0;0;0;0;0;0;0;0
 01/10/2019;00:00:00 - 00:59:59;L;1;0;0;0;0;0;0;0;0;0;0;0;0;0;0;0;0;0;0;0;0;0;0;0;0;0;0;0;0;0;0;0;0;0
 01/10/2019;00:00:00 - 00:59:59;M;0;0;0;0;0;0;0;0;0;0;0;0;0;0;0;0;0;0;0;0;0;0;0;0;0;0;0;0;0;0;0;0;0;0
 01/10/2019;00:00:00 - 00:59:59;N;0;0;0;0;0;0;0;0;0;0;0;0;0;0;0;0;0;0;0;0;0;0;0;0;0;0;0;0;0;0;0;0;0;0
 01/10/2019;00:00:00 - 00:59:59;O;0;0;0;0;0;0;0;0;0;0;0;0;0;0;0;0;0;0;0;0;0;0;0;0;0;0;0;0;0;0;0;0;0;0
 01/10/2019;00:00:00 - 00:59:59;P;0;0;0;0;0;0;0;0;0;0;0;0;0;0;0;3;0;0;0;0;0;0;0;0;0;0;0;0;0;0;0;0;0;0
 01/10/2019;00:00:00 - 00:59:59;Q;0;0;0;0;0;0;0;0;0;0;0;0;0;0;0;3;0;0;0;0;0;0;0;0;0;0;0;0;0;0;0;0;0;0
 01/10/2019;00:00:00 - 00:59:59;U;0;0;0;0;0;0;0;0;0;0;0;0;0;0;0;1;0;0;0;0;0;0;0;0;0;0;0;0;0;0;0;0;0;0
 01/10/2019;01:00:00 - 01:59:59;AM01-A;0;0;0;0;0;0;0;0;0;0;0;0;0;0;0;0;0;0;0;0;0;0;0;0;0;0;0;0;0;0;0;0;0;0
 01/10/2019;01:00:00 - 01:59:59;AM02-B;0;0;0;0;0;0;0;0;0;0;0;0;0;0;0;0;0;0;0;0;0;0;0;0;0;0;0;0;0;0;0;0;0;0
 01/10/2019;01:00:00 - 01:59:59;AM03-C;0;0;0;0;0;0;0;0;0;0;0;0;0;0;0;0;0;0;0;0;0;0;0;0;0;0;0;0;0;0;0;0;0;0
 01/10/2019;01:00:00 - 01:59:59;AM04-D;0;0;0;0;0;0;0;0;0;0;0;0;0;0;0;0;0;0;0;0;0;0;0;0;0;0;0;0;0;0;0;0;0;0
 01/10/2019;01:00:00 - 01:59:59;AM05-E;0;0;0;0;0;0;0;0;0;0;0;0;0;0;0;0;0;0;0;0;0;0;0;0;0;0;0;0;0;0;0;0;0;0
 01/10/2019;01:00:00 - 01:59:59;AM06-F;0;0;0;0;0;0;0;0;0;0;0;0;0;0;0;0;0;0;0;0;0;0;0;0;0;0;0;0;0;0;0;0;0;0
 01/10/2019;01:00:00 - 01:59:59;AM07-G;0;0;0;0;0;0;0;0;0;0;0;0;0;0;0;0;0;0;0;0;0;0;0;0;0;0;0;0;0;0;0;0;0;0
 01/10/2019;01:00:00 - 01:59:59;AM08-H;0;0;0;0;0;0;0;0;0;0;0;0;0;0;0;0;0;0;0;0;0;0;0;0;0;0;0;0;0;0;0;0;0;0
 01/10/2019;01:00:00 - 01:59:59;AM09-I;0;0;0;0;0;0;0;0;0;0;0;0;0;0;0;0;0;0;0;0;0;0;0;0;0;0;0;0;0;0;0;0;0;0
 01/10/2019;01:00:00 - 01:59:59;AM10-J;0;0;0;0;0;0;0;0;0;0;0;0;0;0;0;0;0;0;0;0;0;0;0;0;0;0;0;0;0;0;0;0;0;0
 01/10/2019;01:00:00 - 01:59:59;AM11-K;0;0;0;0;0;0;0;0;0;0;0;0;0;0;0;0;0;0;0;0;0;0;0;0;0;0;0;0;0;0;0;0;0;0
 01/10/2019;01:00:00 - 01:59:59;AM12-L;0;0;0;0;0;0;0;0;0;0;0;0;0;0;0;0;0;0;0;0;0;0;0;0;0;0;0;0;0;0;0;0;0;0
 01/10/2019;01:00:00 - 01:59:59;AM13-M;0;0;0;0;0;0;0;0;0;0;0;0;0;0;0;0;0;0;0;0;0;0;0;0;0;0;0;0;0;0;0;0;0;0
 01/10/2019;01:00:00 - 01:59:59;AM14-N;0;0;0;0;0;0;0;0;0;0;0;0;0;0;0;0;0;0;0;0;0;0;0;0;0;0;0;0;0;0;0;0;0;0
 01/10/2019;01:00:00 - 01:59:59;AM15-O;0;0;0;0;0;0;0;0;0;0;0;0;0;0;0;0;0;0;0;0;0;0;0;0;0;0;0;0;0;0;0;0;0;0
 01/10/2019;01:00:00 - 01:59:59;AM16-P;0;0;0;0;0;0;0;0;0;0;0;0;0;0;0;0;0;0;0;0;0;0;0;0;0;0;0;0;0;0;0;0;0;0
 01/10/2019;01:00:00 - 01:59:59;A;0;0;0;0;0;0;0;0;0;0;0;0;0;0;0;0;0;0;0;0;0;0;0;0;0;0;0;0;0;0;0;0;0;0
 01/10/2019;01:00:00 - 01:59:59;B;0;0;0;0;0;0;0;0;0;0;0;0;0;0;0;0;0;0;0;0;0;0;0;0;0;0;0;0;0;0;0;0;0;0
 01/10/2019;01:00:00 - 01:59:59;C;0;0;0;0;0;0;0;0;0;0;0;0;0;0;0;0;0;0;0;0;0;0;0;0;0;0;0;0;0;0;0;0;0;0
 01/10/2019;01:00:00 - 01:59:59;D;0;0;0;0;0;0;0;0;0;0;0;0;0;0;0;0;0;0;0;0;0;0;0;0;0;0;0;0;0;0;0;0;0;0
 01/10/2019;01:00:00 - 01:59:59;E;0;0;0;0;0;0;0;0;0;0;0;0;0;0;0;0;0;0;0;0;0;0;0;0;0;0;0;0;0;0;0;0;0;0
 01/10/2019;01:00:00 - 01:59:59;F;0;0;0;0;0;0;0;0;0;0;0;0;0;0;0;0;0;0;0;0;0;0;0;0;0;0;0;0;0;0;0;0;0;0
 01/10/2019;01:00:00 - 01:59:59;G;0;0;0;0;0;0;0;0;0;0;0;0;0;0;0;0;0;0;0;0;0;0;0;0;0;0;0;0;0;0;0;0;0;0
 01/10/2019;01:00:00 - 01:59:59;H;0;0;0;0;0;0;0;0;0;0;0;0;0;0;0;0;0;0;0;0;0;0;0;0;0;0;0;0;0;0;0;0;0;0
 01/10/2019;01:00:00 - 01:59:59;I;0;0;0;0;0;0;0;0;0;0;0;0;0;0;0;0;0;0;0;0;0;0;0;0;0;0;0;0;0;0;0;0;0;0
 01/10/2019;01:00:00 - 01:59:59;J;0;0;0;0;0;0;0;0;0;0;0;0;0;0;0;0;0;0;0;0;0;0;0;0;0;0;0;0;0;0;0;0;0;0
 01/10/2019;01:00:00 - 01:59:59;K;0;0;0;0;0;0;0;0;0;0;0;0;0;0;0;0;0;0;0;0;0;0;0;0;0;0;0;0;0;0;0;0;0;0
 01/10/2019;01:00:00 - 01:59:59;L;0;0;0;0;0;0;0;0;0;0;0;0;0;0;0;0;0;0;0;0;0;0;0;0;0;0;0;0;0;0;0;0;0;0
 01/10/2019;01:00:00 - 01:59:59;M;0;0;0;0;0;0;0;0;0;0;0;0;0;0;0;0;0;0;0;0;0;0;0;0;0;0;0;0;0;0;0;0;0;0
 01/10/2019;01:00:00 - 01:59:59;N;0;0;0;0;0;0;0;0;0;0;0;0;0;0;0;0;0;0;0;0;0;0;0;0;0;0;0;0;0;0;0;0;0;0
 01/10/2019;01:00:00 - 01:59:59;O;0;0;0;0;0;0;0;0;0;0;0;0;0;0;0;0;0;0;0;0;0;0;0;0;0;0;0;0;0;0;0;0;0;0
 01/10/2019;01:00:00 - 01:59:59;P;0;0;0;0;0;0;0;0;0;0;0;0;0;0;0;0;0;0;0;0;0;0;0;0;0;0;0;0;0;0;0;0;0;0
 01/10/2019;01:00:00 - 01:59:59;Q;0;0;0;0;0;0;0;0;0;0;0;0;0;0;0;0;0;0;0;0;0;0;0;0;0;0;0;0;0;0;0;0;0;0
 01/10/2019;01:00:00 - 01:59:59;U;0;0;0;0;0;0;0;0;0;0;0;0;0;0;0;0;0;0;0;0;0;0;0;0;0;0;0;0;0;0;0;0;0;0
